ID,Aktivität,Teil,n,Bezeichnung,Gruppe
1,02-0028a,02-0028a,12,NPN-Transistor THT BD241C geschnitten MZ-TO220-Typ04,
2,02-0089a,02-0089a,26,"N-MOSFET THT IRF840A gebogen, geschnitten MZ-TO220-Typ01",
3,02-0089a,02-0309a,6,"N-MOSFET THT IRFBC40PBF gebogen, geschnitten MZ-TO220-Typ01",
4,02-0095b,02-0095b,20,N-MOSFET THT IRF3205PBF geschnitten MZ-TO220-Typ04,
5,02-0115a,02-0115a,2,"Silizium Diode THT BYV42E-200 gebogen, geschnitten mit Zange PN-5050-SD",
6,02-0131b,02-0131b,21,Schottky Diode THT MBR20H100CT geschnitten MZ-TO220-Typ03,
7,02-0135a,02-0135a,67,"N-MOSFET THT IRF1405PBF gebogen, geschnitten MZ-TO220-Typ01",
8,02-0135c,02-0135c,15,N-MOSFET THT IRF1405PBF geschnitten MZ-TO220-Typ03,
9,02-0141a,02-0141a,15,Silizium Diode THT MUR8100EG geschnitten MZ-TO220-Typ03,
10,02-0151a,02-0151a,15,Silizium Diode THT 30ETH06 geschnitten MZ-TO220-Typ03,
11,02-0152a,02-0152a,14,IC THT linear Spannungsregler MC7812 CT geschnitten MZ-TO220-Typ03,
12,02-0154c,02-0154c,18,N-MOSFET THT IRFP460A geschnitten MZ-TO247-Typ01,
13,02-0154d,02-0154d,21,N-MOSFET THT IRFP460A geschnitten MZ-TO247-Typ05,
14,02-0167a,02-0167a,5,Schottky Diode THT 40CPQ100 geschnitten MZ-TO247-Typ01,
15,02-0167b,02-0167b,12,Schottky Diode THT 40CPQ100 geschnitten MZ-TO247-Typ03,
16,02-0173a,02-0173a,20,"Schottky Diode THT MBR20200CT gebogen, geschnitten MZ-TO220-Typ01",
17,02-0198b,02-0198b,32,"N-MOSFET THT IRFB3206 gebogen, geschnitten MZ-TO220-Typ01",
18,02-0201a,02-0201a,63,"Gleichrichter THT GBPC3508W 560V 35A, geschnitten MZ-Gleichrichter-1",
19,02-0203a,02-0203a,5,"N-MOSFET THT IRF2804PBF gebogen, geschnitten MZ-TO220-Typ06",
20,02-0214a,02-0214a,4,"N-MOSFET THT IRFB4710 gebogen, geschnitten MZ-TO220-Typ01",
21,02-0223a,02-0223a,19,"IC THT linear Spannungsregler LM317 T-DG gebogen, geschnitten MZ-TO220-Typ01",
22,02-0223a,02-0312a,8,"IC THT linear Spannungsregler LM317 HVT NOPB gebogen, geschnitten MZ-TO220-Typ01",
23,02-0235a,02-0235a,1,P-MOSFET THT IRF4905PBF geschnitten MZ-TO220-Typ04,
24,02-0253b,02-0253b,1,Schottky Diode THT MBR2560CT geschnitten MZ-TO220-Typ03,
25,02-0253d,02-0253d,8,"Schottky Diode THT MBR2560CT gebogen, geschnitten MZ-TO220-Typ09",
26,02-0253e,02-0253e,3,"Schottky Diode THT MBR2560CT gebogen, geschnitten MZ-TO220-Typ10",
27,02-0254a,02-0254a,2,"N-MOSFET THT FDP22N50N gebogen, geschnitten MZ-TO220-Typ01",
28,02-0255a,02-0255a,10,SiC Schottky Diode THT IDH06G65C6XKSA1 geschnitten MZ-TO220-Typ03,
29,02-0255b,02-0255b,8,SiC Schottky Diode THT IDH06G65C6XKSA1 geschnitten MZ-TO220-Typ04,
30,02-0263a,02-0263a,58,"N-MOSFET THT IRFB7437PBF gebogen, geschnitten MZ-TO220-Typ01",
31,02-0263b,02-0263b,66,N-MOSFET THT IRFB7437PBF geschnitten MZ-TO220-Typ04,
32,02-0279a,02-0279a,10,"N-MOSFET THT IPP50R190CE gebogen, geschnitten MZ-TO220-Typ09",
33,02-0295a,02-0295a,22,IGBT THT STGW20NC60VD geschnitten MZ-TO247-Typ01,
34,02-0318b,02-0318b,11,N-MOSFET THT DIT095N08 geschnitten MZ-TO220-Typ04,
35,0318a,02-0318a,11,N-MOSFET THT DIT095N08 geschnitten MZ-TO220-Typ05,
36,AOI-Prüfung,OI-VAG01e-A-01,54,Baugruppe AOI geprüft VCC 1212-30 / 1212-20 C,
37,AOI-Prüfung,OI-VAF02b-B-02,35,Baugruppe AOI geprüft VCC 1212 70-90,
38,AOI-Prüfung,OI-VAI01a-B-03,27,Baugruppe AOI geprüft MPP 260 CI,
39,AOI-Prüfung,OI-VAI01a-C-05,26,Baugruppe AOI geprüft MPP 360 CI,
40,AOI-Prüfung,OI-VAA09b-P-14,21,"Baugruppe AOI geprüft LCD Solarcomputer S, LCD Batteriecomputer S, LCD Charge Control S",
41,AOI-Prüfung,OI-VAI01a-C-07,20,Baugruppe AOI geprüft MPP 440 CI,
42,AOI-Prüfung,OI-VAI01b-C-05,20,Baugruppe AOI geprüft MPPT 360 CI,
43,AOI-Prüfung,OI-VAI01b-B-03,14,Baugruppe AOI geprüft MPPT 170/260 CI,
44,AOI-Prüfung,OI-VAG01e-B-02,13,Baugruppe AOI geprüft DCDC 1212-20,
45,AOI-Prüfung,OI-VAI01a-A-01,12,Baugruppe AOI geprüft MPP 170 CI,
46,AOI-Prüfung,OI-VBA03a-XA,9,Baugruppe AOI geprüft Standby Charger Pro,
47,AOI-Prüfung,OI-VAF02b-E-06,8,Baugruppe AOI geprüft VCC 1212 70-90 CI,
48,AOI-Prüfung,OI-VAI01b-C-07,7,Baugruppe AOI geprüft MPPT 440 CI,
49,AOI-Prüfung,OI-VAG01e-C-03,4,Baugruppe AOI geprüft VCC 1212-30 CI,
50,AOI-Prüfung,OI-VBD08a-A-01,3,Baugruppe AOI geprüft VZE Verteiler Schell,
51,AOI-Prüfung,OI-VAG01d-A-01,2,Baugruppe AOI geprüft VCC 1212-30 / 1212-20 C,
52,AOI-Prüfung,OI-VAG01d-B-02,2,Baugruppe AOI geprüft DCDC 1212-20,
53,AOI-Prüfung,OI-VAG07b-XA,2,Baugruppe AOI geprüft Bluetooth Connector S-BC,
54,AOI-Prüfung,OI-VBD06a-C,2,Baugruppe AOI geprüft Triton Panel Front PCB (Schell),
55,AOI-Prüfung,OI-VBD07b-XC,2,Baugruppe AOI geprüft Triton Controller (Schell),
56,AOI-Prüfung,OI-VAH01a-A,1,Baugruppe AOI geprüft Fernbedienung SMI Sinus WR,
57,AOI-Prüfung,OI-VAI07b-XA,1,Baugruppe AOI geprüft D+ Simulator Pro,
58,AOI-Prüfung,OI-VBA02a-XA,1,Baugruppe AOI geprüft Sirius IO,
59,AOI-Prüfung,OI-VBB04a-XA,1,Baugruppe AOI geprüft SmartShunt-CI,
60,AOI-Prüfung,OI-VBC03b-XA,1,Baugruppe AOI geprüft LCD Energy Monitor CI,
61,AOI-Prüfung,OI-VBD02a-B-02,1,Baugruppe AOI geprüft VZE-M Zentralelektrik 12V Gas,
62,AOI-Prüfung,OI-VBD06a-A,1,Baugruppe AOI geprüft Triton Panel Front PCB,
63,AOI-Prüfung,OI-VBD06a-B,1,Baugruppe AOI geprüft Sirius Panel Front PCB,
64,AOI-Prüfung,OI-VBD07b-XA,1,Baugruppe AOI geprüft Triton Controller,
65,AOI-Prüfung,OI-VBD07b-XB,1,Baugruppe AOI geprüft Sirius Controller,
66,Abgleich  Anzeige- u,PA-3242-00624,24,Platinen abgeglichen VBCS 30-20-250 Triple CI,
67,Abgleich  Anzeige- u,PA-0664-00531,20,Baugruppe geprüft VAC 45-10/25 Triple CI,
68,Abgleich  Anzeige- u,PA-3246-00626,19,Platinen abgeglichen VBCS 60-40-430 Triple CI,
69,Abgleich  Anzeige- u,PA-3244-00625,14,Platinen abgeglichen VBCS 45-30-350 Triple CI,
70,Abgleich  Anzeige- u,PA-125103272-00655,7,Platinen abgeglichen VBCS 60-40-430 HV CI Kabe,
71,Abgleich  Anzeige- u,PA-3270-00644,5,Platinen abgeglichen VBCS 30-20-400 Triple HV CI,
72,Abgleich  Anzeige- u,PA-3272-00646,5,Platinen abgeglichen VBCS 60-40-800 Triple HV CI,
73,Abgleich  Anzeige- u,PA-0666-00611,3,Baugruppe geprüft VAC 60-15/30 Triple CI,
74,Abgleich  Anzeige- u,PA-111105814-00650,3,Baugruppe geprüft VZE Verteiler Schell,
75,Abgleich  Anzeige- u,PA-017203098-00541,2,Baugruppe geprüft MT BCB 40-40 CI (Mobile Technology),
76,Abgleich  Anzeige- u,PA-0664-00610,2,Baugruppe geprüft VAC 45-10/25 Triple CI,
77,Abgleich  Anzeige- u,PA-0666-00532,1,Baugruppe geprüft VAC 60-15/30 Triple CI,
78,Abgleich  Anzeige- u,PA-5810-00649,1,Baugruppe geprüft VZE-M Zentralelektrik 12V Gas,
79,Abgleich / Endprüfun,UV-119760,1,"Gerät fertig montiert, geprüft RWS 5V digital Geber (GEP)",
80,Abgleich / Endprüfun,UV-9760,1,"Gerät fertig montiert, geprüft RWS 5V digital Geber",
81,Abgleich Anzeige- u.,PA-3271-00645,8,Platinen abgeglichen VBCS 45-30-600 Triple HV CI,
82,Aluplatte (Beistellu,KK-W002-180-AA-001,1,Aluplatte vormontiert Wechselrichter 3PhW-24ALU (Wöhr),
83,Artikel lasern,11-1341,28,"Edelstahlhülse beschriftet D=24,2 d=23,2 L=37 Druckbild 0488",
84,Artikel lasern,11-0626,8,Gehäuseoberteil Wz 6843 Druck FB-Schacht SMI 1200/1700 Druckbild 0475 Votronic,
85,Artikel lasern,11-0567,4,Frontplatte Alu sw. beschrftet LED-Tank-Display Druckbild 0476 Neutral,
86,Artikel lasern,11-1326,3,Frontplatte Alu sw. beschritet LED-Tank-Display Druckbild Müller,
87,Artikel lasern,11-0781,1,Frontplatte Alu G beschriftet VAC-Lader groß 1280 Druckbild 0478 Feuerwehr,
88,Artikel lasern,11-1422,1,Gehäuseoberteil Wz 6623 Druck VZE Logikmodul Druckbild 0540,
89,BKK-VKE07h-A-K01,BKK-VKE07h-A-K01,11,KK-Platine Wechselrichter Inverter 1700 SI,
90,BKK-VKE07h-A-K02,BKK-VKE07h-A-K02,60,KK-Platine Wechselrichter Inverter 1700 SI-N,
91,BKK-VKF03g-A-K01,BKK-VKF03g-A-K01,12,KK-Platine Wechselrichter Inverter 1200 SI,
92,BKK-VKF03g-A-K02,BKK-VKF03g-A-K02,9,KK-Platine Wechselrichter Inverter 1200 SI-N,
93,BS-FAF01d-C,BS-VAF01d-C,12,SMD-Baugruppe Ladegeräte PB VAC MT 24V 16A,
94,BS-VAA03-A,BS-VAA03-A,5,SMD-Baugruppe Zisternen SpinFlow SP1-FA Füllstandanz.,
95,BS-VAA04b-A,BS-VAA04b-A,12,SMD-Baugruppe Anzeigen Tankanzeige Wasser und Diesel,
96,BS-VAA04b-B,BS-VAA04b-B,11,SMD-Baugruppe Anzeigen Tankanzeige Abwasser und Fäkal,
97,BS-VAA04b-C,BS-VAA04b-C,6,SMD-Baugruppe Anzeigen Duo Akku-Tester,
98,BS-VAA05c-A,BS-VAA05c-A,6,SMD-Baugruppe Anzeigen Info Panel Pro,
99,BS-VAA06-A,BS-VAA06-A,1,SMD-Baugruppe VBS 2 VBS VE Gateway,
100,BS-VAA09b-G,BS-VAA09b-G,3,SMD-Baugruppe Anzeigen LCD Thermometer-Uhr S,
101,BS-VAA09b-H,BS-VAA09b-H,3,SMD-Baugruppe Anzeigen LCD Voltmeter S,
102,BS-VAA09b-P,BS-VAA09b-P,20,"SMD-Baugruppe Anzeigen LCD Solarcomputer S, LCD Batteriecomputer S, LCD Charge Control S",
103,BS-VAA09b-Q,BS-VAA09b-Q,4,SMD-Baugruppe Anzeigen LCD State of Charge Monitor S,
104,BS-VAA10-A,BS-VAA10-A,2,SMD-Baugruppe Zisternen SpinFlow SP1-FA-S Füllst. anz. abgesetzte LEDs,
105,BS-VAA16a-A,BS-VAA16a-A,6,SMD-Baugruppe VBS 2 Equipment Adapter EQ-CI,
106,BS-VAA16a-B,BS-VAA16a-B,5,SMD-Baugruppe VBS 2 Equipment Adapter EQ-S,
107,BS-VAA17-A,BS-VAA17-A,1,SMD-Baugruppe VBS 2 Dimmer Module 4,
108,BS-VAB01b-B,BS-VAB01b-B,5,"SMD-Baugruppe Anzeigen VPC-ST01 Terra, Luna, Mars",
109,BS-VAB01b-C,BS-VAB01b-C,5,SMD-Baugruppe Anzeigen VPC-ST02 Titan,
110,BS-VAC03b-A,BS-VAC03b-A,1,SMD-Baugruppe VBS 2 Elektro-Verteilung 24/5,
111,BS-VAC04d-A,BS-VAC04d-A,29,SMD-Baugruppe Tankgeber Tankelektrode 15-50 K,
112,BS-VAC04d-C,BS-VAC04d-C,9,SMD-Baugruppe Tankgeber Tankelektrode 95 K-FL (Kärcher),
113,BS-VAC10c-A,BS-VAC10c-A,11,"SMD-Baugruppe Solarregler SR 150-230, 300-24",
114,BS-VAC10c-B,BS-VAC10c-B,2,SMD-Baugruppe Solarregler SR 350-550,
115,BS-VAC12a-A,BS-VAC12a-A,2,SMD-Baugruppe Anzeigen Tankanzeige Frischwasser FTA5 Comet,
116,BS-VAD03a-A,BS-VAD03a-A,5,SMD-Baugruppe VBS 2 Elektro-Verteilung 14/1,
117,BS-VAD41a-A,BS-VAD41a-A,6,SMD-Baugruppe Kombiladegeräte VBCS Displayplatine,
118,BS-VAE04a-A,BS-VAE04a-A,11,SMD-Baugruppe Ladewandler TS-Lader,
119,BS-VAF01c-A,BS-VAF01c-A,6,SMD-Baugruppe Ladegeräte PB VAC MT 12V 15-20A,
120,BS-VAF01c-B,BS-VAF01c-B,1,SMD-Baugruppe Ladegeräte PB VAC MT 12V 25-30A,
121,BS-VAF01c-C,BS-VAF01c-C,2,SMD-Baugruppe Ladegeräte PB VAC MT 24V 16A,
122,BS-VAF01cF-A,BS-VAF01cF-A,1,SMD-Baugruppe Kleinlader VAC 1215 F 3A SKII,
123,BS-VAF01cF-B,BS-VAF01cF-B,1,SMD-Baugruppe Kleinlader VAC 12V 25-30A SKII,
124,BS-VAF01d-A,BS-VAF01d-A,30,SMD-Baugruppe Ladegeräte PB VAC MT 12V 15-20A,
125,BS-VAF01d-B,BS-VAF01d-B,16,SMD-Baugruppe Ladegeräte PB VAC MT 12V 25-30A,
126,BS-VAF01dF-A,BS-VAF01dF-A,9,SMD-Baugruppe Kleinlader VAC 1215 F 2A SKII,
127,BS-VAF01dF-B,BS-VAF01dF-B,6,SMD-Baugruppe Kleinlader VAC 12V 25-30A SKII,
128,BS-VAF01dF-C,BS-VAF01dF-C,3,SMD-Baugruppe Kleinlader VAC 24V 16A SKII,
129,BS-VAF02b-B,BS-VAF02b-B,18,SMD-Baugruppe Ladewandler VCC 1212 70-90,
130,BS-VAF05a-A,BS-VAF05a-A,2,SMD-Baugruppe Anzeigen LED Remote Control S,
131,BS-VAF12a-A,BS-VAF12a-A,2,SMD-Baugruppe VBS 2 WLAN-Interface,
132,BS-VAF12a-AA,BS-VAF12a-AA,2,SMD-Baugruppe VBS 2 WLAN-Interface,
133,BS-VAG01d-A,BS-VAG01d-A,1,SMD-Baugruppe Ladewandler VCC 1212-30 / 1212-20 C,
134,BS-VAG01d-B,BS-VAG01d-B,1,SMD-Baugruppe Ladewandler DCDC 1212-20,
135,BS-VAG01e-A,BS-VAG01e-A,23,SMD-Baugruppe Ladewandler VCC 1212-30 / 1212-20 C,
136,BS-VAG01e-B,BS-VAG01e-B,8,SMD-Baugruppe Ladewandler DCDC 1212-20,
137,BS-VAG05a-A,BS-VAG05a-A,11,SMD-Baugruppe Ladewandler VCC 1212-50 Displayplatine,
138,BS-VAK04-A,BS-VAK04-A,1,SMD-Baugruppe Zisternen SpinFlow SP1 FB,
139,BS-VBB02a-A,BS-VBB02a-A,7,SMD-Baugruppe Meldeausgang 12V/24V,
140,BS-VBB02a-A,BS-VBB04a-XA,1,SMD-Baugruppe SmartShunt-CI,
141,BS-VBC03a-XA,BS-VBC03b-XA,1,SMD-Baugruppe LCD Energy Monitor CI,
142,BS-VBD06a-XA,BS-VBD01a-XA,1,SMD-Baugruppe VZE Modul,
143,BS-VBD06a-XA,BS-VBD06a-XA,1,SMD-Baugruppe Anzeigen Triton Panel Front PCB,
144,BS-VIF1b-A,BS-VIF1b-A,6,SMD-Baugruppe Tanksensor Tanksensor FL,
145,BS-VKA10a-B,BS-VKA10a-B,6,SMD-Baugruppe Anzeigen Fernbedienung Lader Anzeige,
146,BS-VKA10a-E,BS-VKA10a-E,2,SMD-Baugruppe Anzeigen Fernbedienung Duo-Lader,
147,BS-VKC08d-A,BS-VKC08e-A,8,SMD-Baugruppe Ladegeräte VAC und Pb Lader bis 80A Steuerteil,
148,BS-VKC08d-B,BS-VKC08e-B,30,SMD-Baugruppe Ladegeräte VAC Duo-Lader Steuerteil (Wietmarscher),
149,BS-VKC08d-B,BS-VKC08e-D,5,SMD-Baugruppe Ladegeräte VAC Duo Li Steuerteil Wietmarscher,
150,BS-VKD02c-A,BS-VKD02c-A,7,SMD-Baugruppe Tankgeber Tanksensor FW,
151,BS-VKD09-A,BS-VKD09-A,3,SMD-Baugruppe Zisternen RWS 2V und 5V digital Geber,
152,BS-VKE07h-A,BS-VKE07h-A,17,SMD-Baugruppe Wechselrichter Sinus 1700W,
153,BS-VKE08c-A,BS-VKE08c-A,12,SMD-Baugruppe Peripherie Battery Protector 100 Votronic,
154,BS-VKE08c-B,BS-VKE08c-B,4,SMD-Baugruppe Peripherie Switch Unit 100,
155,BS-VKE11b-A,BS-VKE11b-A,3,SMD-Baugruppe Zisternen SpinFlow SP1,
156,BS-VKE11b-B,BS-VKE11b-B,7,SMD-Baugruppe Zisternen SpinFlow SP1 FA-LT,
157,BS-VKE11b-C,BS-VKE11b-C,1,SMD-Baugruppe Zisternen SpinFlow SP1 FB-LT,
158,BS-VKF01d-A,BS-VKF01d-A,15,SMD-Baugruppe Peripherie Battery Protector 40,
159,BS-VKF01d-B,BS-VKF01d-B,5,SMD-Baugruppe Peripherie Switch Unit 40,
160,BS-VKF03g-A,BS-VKF03g-A,6,SMD-Baugruppe Wechselrichter Sinus Wechselrichter 1200W,
161,BS-VKF04b-B,BS-VKF04b-B,14,SMD-Baugruppe Anzeigen LED-Tank-Display HE 010 ovale LEDs,
162,BS-VKF04b-C,BS-VKF04b-C,3,SMD-Baugruppe Anzeigen LED-Tank-Display HE 420 ovale LEDs,
163,BS-VKF04b-D,BS-VKF04b-D,4,SMD-Baugruppe Anzeigen LED-Tank-Display Coldcut volume measurement,
164,BS-VKF06d-A,BS-VKF06d-A,12,SMD-Baugruppe Peripherie Start Alarm 124 / D+ Simulator,
165,BS-VKF07c-D,BS-VKF07c-D,3,SMD-Baugruppe VBS 2 Masterbox VBS2,
166,BS-VKF10-A,BS-VKF10-A,3,SMD-Baugruppe Zubehör Control Unit Sinus Wechselri. Ein-Aus Steuergerät,
167,BS-VKG02a-B,BS-VKG02a-B,1,SMD-Baugruppe Wechselrichter Wöhr 3-Ph Wechselr. 24V ALU,
168,BS-VKI04-A,BS-VKI04-A,2,SMD-Baugruppe Wechselrichter Wöhr 3.Ph Wechselr. 24V ALU IP65,
169,BS-VKK03a-A,BS-VKK03a-A,1,SMD-Baugruppe Zisternen RWS digital alle,
170,BS-VKK16e-A,BS-VKK16e-A,1,SMD-Baugruppe Zisternen RMC Leistungsteil (GEP),
171,BT schneiden/biegen,02-0279b,42,"N-MOSFET THT IPP50R190CE gebogen, geschnitten MZ-TO220-Typ01",
172,BT schneiden/biegen,02-0285a,11,"IGBT THT STGP19NC60KD gebogen, geschnitten mit Zange PN-5050-SD",
173,Bauteil schneiden,02-0038b,39,IC THT linear Spannungsregler MC7805 CTG geschnitten MZ-TO220-Typ14,
174,Bauteil schneiden,02-0289b,28,N-MOSFET THT IRFB7734PBF geschnitten MZ-TO220-Typ04,
175,Bauteil schneiden,02-0296b,27,N-MOSFET THT IRFB3307ZPBF geschnitten MZ-TO220-Typ04,
176,Bauteil schneiden,02-0296a,25,N-MOSFET THT IRFB3307ZPBF geschnitten MZ-TO220-Typ05,
177,Bauteil schneiden,15-0044a,21,"Drossel THT Tonne 470uH 420mA 1,3R RM5  10% 9x12,5mm 5mm MZ-Drossel-4",
178,Bauteil schneiden,02-0152b,17,IC THT linear Spannungsregler MC7812 CT geschnitten MZ-TO220-Typ14,
179,Bauteil schneiden,02-0038c,15,IC THT linear Spannungsregler MC7805 CTG geschnitten MZ-TO220-Typ13,
180,Bauteil schneiden,15-0046a,15,"Drossel THT axial 10mH 25mA 115R  5% 4x9,5mm RM12,5 4mm MZ-Drossel-3",
181,Bauteil schneiden,02-0297a,12,N-MOSFET THT IRFB7787PBF geschnitten MZ-TO220-Typ05,
182,Bauteil schneiden,15-0010a,12,Drossel THT axial 1mH 60mA 23R  10% 3x7mm RM10 4mm MZ-Drossel-2,
183,Bauteil schneiden,02-0289a,10,N-MOSFET THT IRFB7734PBF geschnitten MZ-TO220-Typ05,
184,Bauteil schneiden,15-0008a,10,Drossel THT axial 220uH 130mA 6R  10% 3x10mm RM10 4mm MZ-Drossel-2,
185,Bauteil schneiden,02-0028b,9,NPN-Transistor THT BD241C geschnitten MZ-TO220-Typ13,
186,Bauteil schneiden,02-0036a,8,"IC THT linear Spannungsregler L 78L05ACZTR 5V 0,1A positiv TO92 Werkz. W0047 5,5mm MZ-Transistor-2",
187,Bauteil schneiden,02-0297b,8,N-MOSFET THT IRFB7787PBF geschnitten MZ-TO220-Typ04,
188,Bauteil schneiden,02-0038a,7,IC THT linear Spannungsregler MC7805 CTG geschnitten MZ-TO220-Typ04,
189,Bauteil schneiden,02-0153a,7,P-MOSFET THT IRF5305 geschnitten MZ-TO220-Typ04,
190,Bauteil schneiden,15-0043a,6,"Drossel THT axial 10mH 65mA 74R  5% 5x14mm RM12,5 4mm MZ-Drossel-3",
191,Bauteil schneiden,02-0089d,3,"N-MOSFET THT IRF840A gebogen, geschnitten MZ-TO220-Typ13",
192,Bauteil schneiden,02-0126c,3,Silizium Diode THT VS-8ETX06-M3 geschnitten MZ-TO220-Typ12,
193,Bauteil schneiden,15-0010b,3,"Drossel THT axial 1mH 60mA 23R  10% 3x10mm RM12,5 4mm MZ-Drossel-3",
194,Bauteil schneiden,15-0034a,3,"Drossel THT steht 68mH 18mA 780R  RM5  5% 7,5x4,6x10,5mm 5mm MZ-Drossel-4",
195,Bauteil schneiden,02-0002a,2,"Silizium Diode THT 1N4148 75V 0,3A 0,44W DO35 RM10 4mm MZ-Diode-2 MZ-Diode-2",
196,Bauteil schneiden,02-0010a,2,"Z-Diode THT BZX55C12V od. ZPD12 gebogen, geschnitten RM10 4mm MZ-Diode-2",
197,Bauteil schneiden,02-0026a,2,"NPN-Transistor THT MPSA42 300V 0,5A 0,625W TO92 Werkzeug W047 5,5mm MZ-Transistor-2",
198,Bauteil schneiden,02-0040a,2,"IC THT linear Spannungsregler TL317CLP/LM317LZ MZ-Transistor-2 Werkzeug W047 5,5mm",
199,Bauteil schneiden,02-0105a,2,"IC THT linear Spannungsregler LP2950 CZ-5,0 RAG 5V 0,1A TO92-3, nur TI , ONS 5mm MZ-Transistor-2",
200,Bauteil schneiden,02-0153b,1,P-MOSFET THT IRF5305 geschnitten MZ-TO220-Typ13,
201,Bestückung SMT,BS-VAG06c-A,32,SMD-Baugruppe Lader 12V max. 60A PFC,
202,Bestückung SMT,BS-VKC07m-B,30,SMD-Baugruppe Ladegeräte VAC Leistungsteil 12V 20A/40A (Wietmarscher),
203,Bestückung SMT,BS-VAI01a-C,25,SMD-Baugruppe Solarregler MPP360/440 CI MT MPP360/440 CI,
204,Bestückung SMT,BS-VAG03d-B,23,SMD-Baugruppe Ladewandler VCC 1212-50,
205,Bestückung SMT,BS-VAI01a-B,20,SMD-Baugruppe Solarregler MPP 260 CI / MT MPP 260 CI,
206,Bestückung SMT,BS-VKC07m-A,20,SMD-Baugruppe Ladegeräte VAC Leistungsteil 12V 60A,
207,Bestückung SMT,BS-VKF05g-A,19,SMD-Baugruppe Ladegeräte Mittellader 12V bis 60A,
208,Bestückung SMT,BS-VAD04g-C,18,SMD-Baugruppe Kombiladegeräte VBCS 30-20-250 Hauptplatine,
209,Bestückung SMT,BS-VAI01b-C,13,SMD-Baugruppe Solarregler MPPT 360/440 CI,
210,Bestückung SMT,BS-VKF05h-A,13,SMD-Baugruppe Ladegeräte Mittellader 12V bis 60A,
211,Bestückung SMT,BS-VAD04g-B,10,SMD-Baugruppe Kombiladegeräte VBCS 45-30-350 Hauptplatine,
212,Bestückung SMT,BS-VAD04g-E,10,SMD-Baugruppe Kombiladegeräte VAC 45-10-25 Hauptplatine,
213,Bestückung SMT,BS-VAG06c-B,10,SMD-Baugruppe PFC VAC 230V 12V max. 80A Lader 230V 24V max. 40A Lader 110V alle Ausführungen,
214,Bestückung SMT,BS-VAD04g-I,9,SMD-Baugruppe Kombiladegeräte VBCS 60-40-800 HV CI Hauptplatine,
215,Bestückung SMT,BS-VAI01a-A,9,SMD-Baugruppe Solarregler MPP 170 CI / MT MPP 170 CI,
216,Bestückung SMT,BS-VAI01b-B,9,SMD-Baugruppe Solarregler MPPT 170/260 CI,
217,Bestückung SMT,BS-VAD04g-A,8,SMD-Baugruppe Kombiladegeräte VBCS 60-40-430 Hauptplatine,
218,Bestückung SMT,BS-VAF08c-A,8,SMD-Baugruppe Anzeigen VPC Jupiter,
219,Bestückung SMT,BS-VKH09e-C,8,SMD-Baugruppe Wechselrichter SMI 600 Sinus NVS 12V,
220,Bestückung SMT,BS-VKI10k-B,8,SMD-Baugruppe Ladewandler 12V 12V45A / MT-LB 45,
221,Bestückung SMT,BS-VAD44c-A,6,SMD-Baugruppe Kombiladegeräte VBCS CI-Bus Komm.platine,
222,Bestückung SMT,BS-VKC07m-D,6,SMD-Baugruppe Ladegeräte VAC Leistungsteil 24V 20A f. Feuerwehr,
223,Bestückung SMT,BS-VKC07m-E,6,SMD-Baugruppe Ladegeräte VAC Leistungsteil 12V 50A,
224,Bestückung SMT,BS-VKF05g-B,6,SMD-Baugruppe Ladegeräte Mittellader 24V bis 30A,
225,Bestückung SMT,BS-VAD04g-J,5,SMD-Baugruppe Kombiladegeräte VBCS 45-30-600 HV CI Hauptplatine,
226,Bestückung SMT,BS-VBA03a-XA,5,SMD-Baugruppe Ladegeräte StandBy Charger Pro,
227,Bestückung SMT,BS-VKI10k-A,5,SMD-Baugruppe Ladewandler VCC 12V12V 25A / MT-LB 25,
228,Bestückung SMT,BS-VKI10k-D,5,SMD-Baugruppe Ladewandler 24V 12V45A,
229,Bestückung SMT,BS-VAF02b-E,4,SMD-Baugruppe Ladewandler VCC 1212 70-90 CI,
230,Bestückung SMT,BS-VKI10k-F,4,SMD-Baugruppe Ladewandler DCDC VCC 24V 24V25A,
231,Bestückung SMT,BS-VAD04g-K,3,SMD-Baugruppe Kombiladegeräte VBCS 30-20-400 HV CI Hauptplatine,
232,Bestückung SMT,BS-VAF07d-A,3,SMD-Baugruppe VBS 2 Bus-Adapter SF-CI,
233,Bestückung SMT,BS-VAG03d-C,3,SMD-Baugruppe Ladewandler VCC 1212-50 CI,
234,Bestückung SMT,BS-VAH05a-A,3,SMD-Baugruppe Solar Data-Extender,
235,Bestückung SMT,BS-VBA02a-XA,3,SMD-Baugruppe Sirius IO,
236,Bestückung SMT,BS-VKH09e-A,3,SMD-Baugruppe Wechselrichter SMI 300 Sinus NVS 12V,
237,Bestückung SMT,BS-VAD04g-F,2,SMD-Baugruppe Kombiladegeräte MT BCB 40-40 Hauptplatine,
238,Bestückung SMT,BS-VAD44c-B,2,SMD-Baugruppe Kombiladegeräte MT BCB CI Komm.platine,
239,Bestückung SMT,BS-VAG07b-XA,2,SMD-bestückte Platine Bluetooth Connector S-BC,
240,Bestückung SMT,BS-VAH01a-A,2,SMD-Baugruppe Fernbedienung FB + Anz MT Ladebooster und Battery Protector,
241,Bestückung SMT,BS-VKC07m-C,2,SMD-Baugruppe Ladegeräte VAC Leistungsteil 24V 20A,
242,Bestückung SMT,BS-VKF05h-B,2,SMD-Baugruppe Ladegeräte Mittellader 24V bis 30A,
243,Bestückung SMT,BS-VKI10k-C,2,SMD-Baugruppe Ladewandler 24V 12V25A / MT-LB 2425,
244,Bestückung SMT,BS-VAD04g-D,1,SMD-Baugruppe Kombiladegeräte VAC 60-15-30 Hauptplatine,
245,Bestückung SMT,BS-VAH03a-P8-A,1,SMD-Baugruppe Inverter SMI 3000 Leistungsteil Prototyp,
246,Bestückung SMT,BS-VAI06a-P6-A,1,SMD-Baugruppe Inverter SMI 3000 Prototyp,
247,Bestückung SMT,BS-VAI07b-XA,1,SMD-bestückte Platine D+ Simulator Pro,
248,Bestückung SMT,BS-VKI10k-E,1,SMD-Baugruppe Ladewandler DCDC VCC 12V 24V25A,
249,Bestückung THT,BK-VAC04d-A-01,70,THT-Baugruppe Tankgeber Tankelektrode 15-50 K,
250,Bestückung THT,BK-VKE07h-A-03,58,THT-Baugruppe Wechselrichter SMI 1700 Sinus NVS,
251,Bestückung THT,BK-VAG01e-A-01,54,THT-Baugruppe Ladewandler VCC 1212-30 / 1212-20 C,
252,Bestückung THT,BK-VAG03d-B-01,51,THT-Baugruppe Ladewandler VCC 1212-50,
253,Bestückung THT,BK-VAF01d-A-01,37,THT-Baugruppe Kleinlader Pb 1215 / 1220,
254,Bestückung THT,BK-VAG06c-A-01,37,THT-Baugruppe VAC 12V 24V DUO max. 60A PFC,
255,Bestückung THT,BK-VAF02b-B-02,35,THT-Baugruppe Ladewandler VCC 1212 70-90,
256,Bestückung THT,BK-VIF07b-01,30,THT-Baugruppe Ladegeräte StandBy Lader 12V,
257,Bestückung THT,BK-VKC07m-B-04,30,THT-Baugruppe Ladegeräte VAC Leistungsteil 12V 40A (Wietmarscher),
258,Bestückung THT,BK-VAC04d-A-03,29,THT-Baugruppe Tankgeber Tankelektrode 15-50 K,
259,Bestückung THT,BK-VKF01d-A-01,29,THT-Baugruppe Peripherie Battery Protector 40,
260,Bestückung THT,BK-VAI07b-XA-01,28,THT-Baugruppe Peripherie D+ Simulator Pro,
261,Bestückung THT,BK-VAF01d-C-11,27,THT-Baugruppe Kleinlader VAC 1224/24 16A Station,
262,Bestückung THT,BK-VAI01a-B-03,27,THT-Baugruppe Solarregler MPP 260 CI,
263,Bestückung THT,BK-VKF05g-A-10,27,THT-Baugruppe Ladegeräte VAC 1250/1260,
264,Bestückung THT,BK-VAI01a-C-05,26,THT-Baugruppe Solarregler MPP 360 CI,
265,Bestückung THT,BK-VKF04b-B-02,25,THT-Baugruppe Anzeigen LED-Tank-Display HE 010 ovale LEDs,
266,Bestückung THT,BK-VAC04d-C-04,24,THT-Baugruppe Tankgeber Tankelektrode 95 K-FL (Kärcher),
267,Bestückung THT,BK-VKC08e-B-04,24,THT-Baugruppe Ladegeräte VAC Duo Steuerteil Wietmarscher,
268,Bestückung THT,BK-VAD04g-C-03,23,THT-Baugruppe Kombiladegeräte VBCS 30-20-250 Hauptplatine,
269,Bestückung THT,BK-VKE08c-A-01,23,THT-Baugruppe Peripherie Battery Protector 100,
270,Bestückung THT,BK-VKF05g-B-06,23,THT-Baugruppe Ladegeräte VAC 2425 F/M 3A,
271,Bestückung THT,BK-VAF01d-A-02,22,THT-Baugruppe Kleinlader VAC 1215 / 1220 F/M 3A,
272,Bestückung THT,BK-VAF01d-B-04,22,THT-Baugruppe Kleinlader Pb 1225 / 1230,
273,Bestückung THT,BK-VBA03a-XA-01,22,THT-Baugruppe Ladegeräte StandBy Charger Pro 12V,
274,Bestückung THT,BK-VKC07m-B-05,22,THT-Baugruppe Ladegeräte VAC Leistungsteil 12V 20A (Wietmarscher),
275,Bestückung THT,BK-VAA09b-P-14,21,"THT-Baugruppe Anzeigen LCD Solarcomputer S, LCD Batteriecomputer S, LCD Charge Control S",
276,Bestückung THT,BK-VAD04g-E-05,20,THT-Baugruppe Kombiladegeräte VAC 45-10-25 Hauptplatine,
277,Bestückung THT,BK-VAI01a-C-07,20,THT-Baugruppe Solarregler MPP 440 CI,
278,Bestückung THT,BK-VAI01b-C-05,20,THT-Baugruppe Solarregler MPPT 360 CI,
279,Bestückung THT,BK-VKF05g-A-02,20,THT-Baugruppe Ladegeräte Pb 1240 SMT 3B,
280,Bestückung THT,BK-VAA04b-A-01,19,THT-Baugruppe Anzeigen Tankanzeige Wasser + Diesel S,
281,Bestückung THT,BK-VAC04d-A-02,19,THT-Baugruppe Tankgeber Tankelektrode 30-110 K FL,
282,Bestückung THT,BK-VAD04g-A-01,19,THT-Baugruppe Kombiladegeräte VBCS 60-40-430 Hauptplatine,
283,Bestückung THT,BK-VKC07m-A-01,18,THT-Baugruppe Ladegeräte VAC Leistungsteil 12V 40A,
284,Bestückung THT,BK-VAA04b-B-01,17,THT-Baugruppe Anzeigen Tankanzeige Abwasser Fäkal S,
285,Bestückung THT,BK-VKC07m-A-02,17,THT-Baugruppe Ladegeräte VAC Leistungsteil 12V 20A,
286,Bestückung THT,BK-VAI01b-B-03,16,THT-Baugruppe Solarregler MPPT 170/260 CI,
287,Bestückung THT,BK-VKD02c-A-01,16,THT-Baugruppe Tankgeber Tanksensor FW,
288,Bestückung THT,BK-VAF01dF-A-13,15,THT-Baugruppe Kleinlader VAC 1215 F 2A SKII,
289,Bestückung THT,BK-VAF08c-A-01,15,THT-Baugruppe Anzeigen VPC Jupiter,
290,Bestückung THT,BK-VKF06d-A-02,15,THT-Baugruppe Peripherie D+ Simulator,
291,Bestückung THT,BK-VKH09e-C-03,15,THT-Baugruppe Wechselrichter SMI 600 Sinus NVS 12V,
292,Bestückung THT,BK-VKI10k-B-04,15,THT-Baugruppe Ladewandler DCDC VCC 1212-45,
293,Bestückung THT,BK-VAC10c-A-01,14,THT-Baugruppe Solarregler SR 150 / SR 230 / SR 300-24,
294,Bestückung THT,BK-VAD04g-B-02,14,THT-Baugruppe Kombiladegeräte VBCS 45-30-350 Hauptplatine,
295,Bestückung THT,BK-VAF01d-B-05,14,THT-Baugruppe Kleinlader VAC 1225 / 1230 M/F 3A,
296,Bestückung THT,BK-VAG06c-B-02,14,THT-Baugruppe VAC 12V 24V 110V max. 80A PFC,
297,Bestückung THT,BK-VAG01e-B-02,13,THT-Baugruppe Ladewandler DCDC 1212-20,
298,Bestückung THT,BK-VKF05g-A-13,13,THT-Baugruppe Ladegeräte Pb 1250 1260,
299,Bestückung THT,BK-VAA05c-A-01,12,THT-Baugruppe Anzeigen Info Panel Pro,
300,Bestückung THT,BK-VAB01b-C-03,12,THT-Baugruppe VBS 2 VPC-ST02 Titan,
301,Bestückung THT,BK-VAD04g-I-09,12,THT-Baugruppe Kombiladegeräte VBCS 60-40-800 HV CI Hauptplatine,
302,Bestückung THT,BK-VAE04a-A-01,12,THT-Baugruppe Ladewandler TS-Battery Charger PFPN 1204,
303,Bestückung THT,BK-VAI01a-A-01,12,THT-Baugruppe Solarregler MPP 170 CI,
304,Bestückung THT,BK-VKF03g-A-04,12,THT-Baugruppe Wechselrichter SMI 1200 Sinus,
305,Bestückung THT,BK-VAF01dF-B-14,11,THT-Baugruppe Kleinlader VAC 12V 25-30A SKII,
306,Bestückung THT,BK-VBA01a-01,11,THT-Baugruppe Schalter Panel 4 S 12/24,
307,Bestückung THT,BK-VKC07m-D-06,11,THT-Baugruppe Ladegeräte VAC Leistungsteil 24V 20A f. Feuerwehr,
308,Bestückung THT,BK-VKE11b-A-01,11,THT-Baugruppe Zisternen SP1 (SpinFlow),
309,Bestückung THT,BK-VKI10k-A-20,11,THT-Baugruppe Ladewandler VCC 1212-25 (VW),
310,Bestückung THT,BK-VBD03b-XA-01,10,THT-Baugruppe Ladegeräte Clesana Power Management LED,
311,Bestückung THT,BK-VIF1b-A-01,10,THT-Baugruppe Tankgeber Tanksensor FL,
312,Bestückung THT,BK-VKA10a-B-02,10,THT-Baugruppe Anzeigen Fernbedienung Lader Anzeige,
313,Bestückung THT,BK-VKF05h-A-02,10,THT-Baugruppe Ladegeräte PB Lader 12V bis 40A,
314,Bestückung THT,BK-VAF02b-E-06,9,THT-Baugruppe Ladewandler VCC 1212 70-90 CI,
315,Bestückung THT,BK-VKC07m-E-08,9,THT-Baugruppe Ladegeräte VAC Leistungsteil 12V 50A,
316,Bestückung THT,BK-VKC08e-B-05,9,THT-Baugruppe Ladegeräte VAC Duo Steuerteil,
317,Bestückung THT,BK-VKE07h-A-04,9,THT-Baugruppe Wechselrichter SMI 1700 Sinus,
318,Bestückung THT,BK-VKF03g-A-03,9,THT-Baugruppe Wechselrichter SMI 1200 Sinus NVS,
319,Bestückung THT,BK-VKF05h-A-13,9,THT-Baugruppe Ladegeräte PB Lader 12V 50 bis 60A,
320,Bestückung THT,BK-VKI05-01,9,THT-Baugruppe Peripherie Plus-Distributor 6,
321,Bestückung THT,BK-VKI10k-D-06,9,THT-Baugruppe Ladewandler DCDC VCC 2412-45,
322,Bestückung THT,BK-VKI10k-F-08,9,THT-Baugruppe Ladewandler VCC 2424-25,
323,Bestückung THT,BK-VAA16a-A-01,8,THT-Baugruppe VBS 2 Equipment Adapter EQ-CI,
324,Bestückung THT,BK-VAD03a-A-01,8,THT-Baugruppe VBS 2 Elektro-Verteilung 14/1,
325,Bestückung THT,BK-VAD04g-J-10,8,THT-Baugruppe Kombiladegeräte VBCS 45-30-600 HV CI Hauptplatine,
326,Bestückung THT,BK-VAF01dF-C-15,8,THT-Baugruppe Kleinlader VAC 24V 16A SKII,
327,Bestückung THT,BK-VKE08c-B-03,8,THT-Baugruppe Peripherie Switch Unit 100,
328,Bestückung THT,BK-VKE11b-B-02,8,THT-Baugruppe Zisternen SP1-FA-LT (SpinFlow),
329,Bestückung THT,BK-VKF10-A-01,8,THT-Baugruppe Zubehör Control Unit Sinus Wechselri. Ein-Aus Steuergerät,
330,Bestückung THT,BK-VAB01b-B-02,7,"THT-Baugruppe VBS 2 VPC-ST01 Terra, Luna, Mars",
331,Bestückung THT,BK-VAE04a-A-02,7,THT-Baugruppe Ladewandler TS-Battery Charger PFPN 1204Fc,
332,Bestückung THT,BK-VAG05a-A-01,7,THT-Baugruppe Ladewandler VCC 1212-50 Displayplatine,
333,Bestückung THT,BK-VAG07b-XA-01,7,THT-Baugruppe VBS 2 Bluetooth Connector S-BC,
334,Bestückung THT,BK-VAI01b-C-07,7,THT-Baugruppe Solarregler MPPT 440 CI,
335,Bestückung THT,BK-VKF05h-A-10,7,THT-Baugruppe Ladegeräte VAC Lader 12V 50 bis 60A,
336,Bestückung THT,BK-VKI10k-E-07,7,THT-Baugruppe Ladewandler DCDC VCC 1224-25,
337,Bestückung THT,BK-VAA03-A-01,6,THT-Baugruppe Zisternen SP1-FA (SpinFlow),
338,Bestückung THT,BK-VAA04b-C-02,6,THT-Baugruppe Anzeigen Duo-Akku-Tester S,
339,Bestückung THT,BK-VAD04g-K-11,6,THT-Baugruppe Kombiladegeräte VBCS 30-20-400 HV CI Hauptplatine,
340,Bestückung THT,BK-VAD41a-A-01,6,THT-Baugruppe Kombiladegeräte VBCS Displayplatine,
341,Bestückung THT,BK-VAF01c-A-01,6,THT-Baugruppe Kleinlader Pb 1215 / 1220,
342,Bestückung THT,BK-VKA10a-E-10,6,THT-Baugruppe Anzeigen Fernbedienung Duo-Lader,
343,Bestückung THT,BK-VKC08e-D-10,6,THT-Baugruppe Ladegeräte VAC Duo Li Steuerteil Wietmarscher,
344,Bestückung THT,BK-VKF01d-B-02,6,THT-Baugruppe Peripherie Switch Unit 40,
345,Bestückung THT,BK-VKI06-01,6,THT-Baugruppe Peripherie Minus-Distributor 12,
346,Bestückung THT,BK-VAA09b-G-07,5,THT-Baugruppe Anzeigen LCD Thermometer-Uhr S,
347,Bestückung THT,BK-VAA09b-H-08,5,THT-Baugruppe Anzeigen LCD Voltmeter S,
348,Bestückung THT,BK-VAA16a-B-02,5,THT-Baugruppe VBS 2 Equipment Adapter EQ-S,
349,Bestückung THT,BK-VAD44c-A-01,5,THT-Baugruppe Kombiladegeräte VBCS CI-Bus Komm.platine,
350,Bestückung THT,BK-VAF01d-C-10,5,THT-Baugruppe Kleinlader VAC 24V 16A Schraubklemme (Ziegler),
351,Bestückung THT,BK-VAG03d-C-02,5,THT-Baugruppe Ladewandler VCC 1212-50 CI,
352,Bestückung THT,BK-VAH05a-A-01,5,THT-Baugruppe Solar Data-Extender,
353,Bestückung THT,BK-VKC08e-A-03,5,THT-Baugruppe Ladegeräte VAC Duo Steuerteil,
354,Bestückung THT,BK-VKC08e-A-08,5,THT-Baugruppe Ladegeräte VAC 1280 2440 M/F 2A Steuerteil,
355,Bestückung THT,BK-VKH09e-A-01,5,THT-Baugruppe Wechselrichter SMI 300 Sinus NVS 12V,
356,Bestückung THT,BK-VKH09e-C-04,5,THT-Baugruppe Wechselrichter SMI 600 Sinus 12V,
357,Bestückung THT,BK-VAA09b-Q-02,4,THT-Baugruppe Anzeigen LCD State of Charge Monitor S,
358,Bestückung THT,BK-VAC10c-B-03,4,THT-Baugruppe Solarregler SR 350,
359,Bestückung THT,BK-VAC12a-A-01,4,THT-Baugruppe Anzeigen Tankanzeige Frischwasser FTA5 (Comet),
360,Bestückung THT,BK-VAD04g-D-04,4,THT-Baugruppe Kombiladegeräte VAC 60-15-30 Hauptplatine,
361,Bestückung THT,BK-VAF01c-A-02,4,THT-Baugruppe Kleinlader VAC 1215 / 1220 F/M 3A,
362,Bestückung THT,BK-VAF01cF-B-14,4,THT-Baugruppe Kleinlader VAC 12V 25-30A SKII,
363,Bestückung THT,BK-VAF01d-C-07,4,THT-Baugruppe Kleinlader Pb 2416 SMT 2B,
364,Bestückung THT,BK-VAG01e-C-03,4,THT-Baugruppe Ladewandler VCC 1212-30 CI,
365,Bestückung THT,BK-VAG06c-B-03,4,THT-Baugruppe VAC 12V 24V max. 80A PFC (Ziegler),
366,Bestückung THT,BK-VKA02a-01,4,THT-Baugruppe Zisternen GEP Schaltbox Zubringerpumpe,
367,Bestückung THT,BK-VKC08e-A-09,4,THT-Baugruppe Ladegeräte Pb 1280 2440 SMT 2B Steuerteil,
368,Bestückung THT,BK-VKF04b-C-03,4,THT-Baugruppe Anzeigen LED-Tank-Display HE 420 ovale LEDs,
369,Bestückung THT,BK-VKF04b-D-02,4,THT-Baugruppe Anzeigen LED-Tank-Display HE 010 Sonderausführung ColdCut,
370,Bestückung THT,BK-VKI10k-C-05,4,THT-Baugruppe Ladewandler DCDC VCC 2412-25,
371,Bestückung THT,BK-VAC03b-A-01,3,THT-Baugruppe VBS 2 Elektro-Verteilung 24/5,
372,Bestückung THT,BK-VAE05d-A-01,3,THT-Baugruppe Shunt Smart Shunt 100-200-400,
373,Bestückung THT,BK-VAF01c-B-04,3,THT-Baugruppe Kleinlader Pb 1225 / 1230,
374,Bestückung THT,BK-VAF01c-C-11,3,THT-Baugruppe Kleinlader VAC 1224/24 16A Station,
375,Bestückung THT,BK-VAF01cF-A-13,3,THT-Baugruppe Kleinlader VAC 1215 F 3A SKII,
376,Bestückung THT,BK-VAF01d-A-16,3,THT-Baugruppe Kleinlader PB 12V 15-20A 4A mit Schraubklemme (Audi),
377,Bestückung THT,BK-VAF01d-C-09,3,THT-Baugruppe Kleinlader VAC 2416 F/M 3A,
378,Bestückung THT,BK-VAF07d-A-01,3,THT-Baugruppe VBS 2 Bus-Adapter SF-CI,
379,Bestückung THT,BK-VBD08a-A-01,3,THT-Baugruppe VZE Verteiler Schell,
380,Bestückung THT,BK-VKD09-A-01,3,THT-Baugruppe Zisternen RWS 2V und 5V digital Geber,
381,Bestückung THT,BK-VKF05g-A-05,3,THT-Baugruppe Ladegeräte VAC 1240 M 3A,
382,Bestückung THT,BK-VKF07c-D-05,3,THT-Baugruppe Masterbox VBS2,
383,Bestückung THT,BK-VAA10-A-01,2,THT-Baugruppe Zisternen SP1-FA-S (SpinFlow),
384,Bestückung THT,BK-VAD04g-F-06,2,THT-Baugruppe Kombiladegeräte MT BCB 40-40 Hauptplatine,
385,Bestückung THT,BK-VAD41a-A-02,2,THT-Baugruppe Kombiladegeräte MT BCB 30-30 40-40 Display Pl.,
386,Bestückung THT,BK-VAD44c-B-02,2,THT-Baugruppe Kombiladegeräte MT BCB CI Komm.platine,
387,Bestückung THT,BK-VAF01c-B-05,2,THT-Baugruppe Kleinlader VAC 1225 / 1230 M/F 3A,
388,Bestückung THT,BK-VAF01cF-C-15,2,THT-Baugruppe Kleinlader VAC 24V 16A SKII,
389,Bestückung THT,BK-VAF05a-A-01,2,THT-Baugruppe Anzeigen LED Remote Control S,
390,Bestückung THT,BK-VAF12a-AA-01,2,THT-Baugruppe VBS 2 WLAN-Interface,
391,Bestückung THT,BK-VAG01d-A-01,2,THT-Baugruppe Ladewandler VCC 1212-30 / 1212-20 C,
392,Bestückung THT,BK-VAG01d-B-02,2,THT-Baugruppe Ladewandler DCDC 1212-20,
393,Bestückung THT,BK-VBC03a-XA-01,2,THT-Baugruppe LCD Energy Monitor CI,
394,Bestückung THT,BK-VBC03a-XB-02,2,THT-Baugruppe LCD Charge Control CI,
395,Bestückung THT,BK-VBD01a-XA-01,2,THT-Baugruppe VZE Modul,
396,Bestückung THT,BK-VBD07b-XC-03,2,THT-Baugruppe VZE TRITON Controller PCB Schell-Phönix,
397,Bestückung THT,BK-VIF07b-02,2,THT-Baugruppe Ladegeräte StandBy Lader 24V,
398,Bestückung THT,BK-VIF9b-01,2,THT-Baugruppe Zisternen TEO digital Hauptplatine (GEP),
399,Bestückung THT,BK-VKC07m-A-07,2,THT-Baugruppe Ladegeräte VAC Leistungsteil 12V 40A f. Feuerwehr,
400,Bestückung THT,BK-VKC07m-C-03,2,THT-Baugruppe Ladegeräte VAC Leistungsteil 24V 20A,
401,Bestückung THT,BK-VKE12-01,2,THT-Baugruppe Zisternen SP1 Relais-Box (SpinFlow),
402,Bestückung THT,BK-VKF05g-B-03,2,THT-Baugruppe Ladegeräte Pb 2425,
403,Bestückung THT,BK-VKF05g-B-09,2,THT-Baugruppe Ladegeräte VAC 2425 Fc 2A,
404,Bestückung THT,BK-VKF05h-B-06,2,THT-Baugruppe Ladegeräte VAC Lader 24V bis 30A,
405,Bestückung THT,BK-VKH06-01,2,THT-Baugruppe Peripherie Plus-Distributor 8,
406,Bestückung THT,BK-VKI04-A-01,2,THT-Baugruppe Wechselrichter Wöhr 3.Ph Wechselr. 24V ALU IP65,
407,Bestückung THT,BK-VKI10k-A-03,2,THT-Baugruppe Ladewandler VCC 1212-25,
408,Bestückung THT,BK-PFS01a-01,1,THT-Baugruppe PFS V8 EMI,
409,Bestückung THT,BK-VAA06-A-01,1,THT-Baugruppe VBS 2 RS232 Interface VBS2 MultiPlus (Schell),
410,Bestückung THT,BK-VAA17-A-01,1,THT-Baugruppe VBS 2 Dimmer Module 4,
411,Bestückung THT,BK-VAC10c-B-05,1,THT-Baugruppe Solarregler SR 550,
412,Bestückung THT,BK-VAE03-01,1,THT-Baugruppe Anzeigen Betriebs Fernanzeige IP67 2081,
413,Bestückung THT,BK-VAF01c-A-12,1,THT-Baugruppe Kleinlader VAC 12V 15A Station,
414,Bestückung THT,BK-VAF01c-C-07,1,THT-Baugruppe Kleinlader Pb 2416 SMT 2B,
415,Bestückung THT,BK-VAF01c-C-09,1,THT-Baugruppe Kleinlader VAC 2416 F/M 3A,
416,Bestückung THT,BK-VAF01c-C-10,1,THT-Baugruppe Kleinlader VAC 24V 16A Schraubklemme (Ziegler),
417,Bestückung THT,BK-VAG02b-A-01,1,THT-Baugruppe Peripherie Battery Protector 300,
418,Bestückung THT,BK-VAK04-A-01,1,THT-Baugruppe Zisternen SP1-FB (SpinFlow),
419,Bestückung THT,BK-VBA02a-XA-01,1,THT-Baugruppe Sirius IO,
420,Bestückung THT,BK-VBD02a-B-02,1,THT-Baugruppe Elektroverteilung VZE-M 12V Gas,
421,Bestückung THT,BK-VBD02a-P3-A-01,1,THT-Baugruppe Elektroverteilung VZE-M Prototyp,
422,Bestückung THT,BK-VBD03a-XA-01,1,THT-Baugruppe Ladegeräte Clesana Power Management,
423,Bestückung THT,BK-VBD07b-XA-01,1,THT-Baugruppe VZE TRITON Controller PCB,
424,Bestückung THT,BK-VBD07b-XB-02,1,THT-Baugruppe VZE SIRIUS Controller PCB,
425,Bestückung THT,BK-VBD08a-P2-A-01,1,THT-Baugruppe VZE Verteiler Schell,
426,Bestückung THT,BK-VIF8b-01,1,THT-Baugruppe Zisternen TEO Anzeige (GEP),
427,Bestückung THT,BK-VIF8b-02,1,THT-Baugruppe Zisternen TEO Hybrid Anzeige (GEP),
428,Bestückung THT,BK-VIF9b-02,1,THT-Baugruppe Zisternen TEO Hybrid dig Hauptplatin (GEP),
429,Bestückung THT,BK-VII9a-01,1,THT-Baugruppe Zisternen Einspeise-Automatik TEA 3 (GEP),
430,Bestückung THT,BK-VKC08e-A-02,1,THT-Baugruppe Ladegeräte VAC 1260 2430 M 3A Steuerteil,
431,Bestückung THT,BK-VKE07h-A-01,1,THT-Baugruppe Wechselrichter MT 1700 SI-N,
432,Bestückung THT,BK-VKE11b-C-03,1,THT-Baugruppe Zisternen SP1-FB-LT (SpinFlow),
433,Bestückung THT,BK-VKF05h-A-15,1,THT-Baugruppe Ladegeräte VAC-F 1250/1260,
434,Bestückung THT,BK-VKF05h-B-03,1,THT-Baugruppe Ladegeräte PB Lader 24V bis 30A,
435,Bestückung THT,BK-VKF05h-B-16,1,THT-Baugruppe Ladegeräte VAC-F 2425 3A,
436,Bestückung THT,BK-VKG02a-B-02,1,THT-Baugruppe Wechselrichter Wöhr 3-Ph Wechselr. 24V ALU,
437,Bestückung THT,BK-VKH07-01,1,THT-Baugruppe Peripherie Minus-Distributor 14,
438,Bestückung THT,BK-VKK03a-A-01,1,THT-Baugruppe Zisternen RWS Digital Plus,
439,Bestückung THT,BK-VKK16e-A-01,1,THT-Baugruppe Zisternen RMC Leistungsteil (GEP),
440,Betriebs-Fernanzeige,MA-2081,1,Gerät fertig montiert Betriebs-Fernanzeige IP67,
441,Elektronik im Gehäus,MA-Tankgeber-09-01,11,"Gerät vergossen, montiert Tanksensor FL",
442,Endmontage,MA-3184,39,Gerät fertig montiert SMI 1700 Sinus ST-NVS,
443,Endmontage,MA-1260-02,30,Gerät montiert LCD Batterie-Computer S,
444,Endmontage,UV-3065,29,"Gerät fertig montiert, geprüft StandBy-Charger 12 V",
445,Endmontage,MA-5311,25,Gerät fertig montiert Frischwassertankanzeige S,
446,Endmontage,MA-VBS-17-01,24,Baugruppe montiert VPC Jupiter,
447,Endmontage,MA-157103184,21,Gerät fertig montiert SMI 1700 (Frankia),
448,Endmontage,MA-055203078,20,Gerät fertig montiert Battery Protector 100 (VW),
449,Endmontage,MA-0052,19,Gerät fertig montiert MasterBox VBS2 mit 200A-Shunt,
450,Endmontage,MA-1288,17,Gerät fertig montiert Schalter-Panel 4 S 12/24,
451,Endmontage,MA-3066,16,Gerät fertig montiert D+ Simulator,
452,Endmontage,MA-5313,15,Gerät fertig montiert Abwassertankanzeige S,
453,Endmontage,MA-0054,14,Gerät fertig montiert MasterBox VBS2 mit 400A-Shunt,
454,Endmontage,UV-0256,14,"Gerät fertig montiert, geprüft Tanksensor FW 120",
455,Endmontage,MA-055103078,12,Gerät fertig montiert Battery Protector 100 (VW),
456,Endmontage,MA-1250-02,12,Gerät montiert LCD-Solar-Computer S,
457,Endmontage,MA-3075,12,Gerät fertig montiert Battery Protector 40,
458,Endmontage,MA-3177,12,Gerät fertig montiert SMI 1200 Sinus ST,
459,Endmontage,MA-5330,12,Gerät fertig montiert Info Panel Pro 12V,
460,Endmontage,UV-0695,12,"Gerät fertig montiert, geprüft TS-Battery Charger PFPN 1204",
461,Endmontage,UV-1295,12,"Gerät fertig montiert, geprüft Hauptschalter-Panel 20A S",
462,Endmontage,UV-130101611,12,"Gerät fertig montiert, geprüft SR 140 Duo Digital (Sunset Solar)",
463,Endmontage,UV-1430,12,"Gerät fertig montiert, geprüft Bluetooth Connector S-BC",
464,Endmontage,MA-2075,11,Gerät fertig montiert Fernbedienung S für Automatic Charger,
465,Endmontage,MA-3073,11,Gerät fertig montiert Battery Protector 40 Motor,
466,Endmontage,MA-5741,11,Gerät fertig montiert VPC-ST01 Terra,
467,Endmontage,UV-0258,11,"Gerät fertig montiert, geprüft Tanksensor FW 240",
468,Endmontage,UV-650451,11,"Gerät fertig montiert, geprüft SP1 (SpinFlow)",
469,Endmontage,MA-1247-02,10,Gerät montiert LCD-Charge-Control S,
470,Endmontage,MA-0035,9,Gerät fertig montiert Master Panel VBS 2,
471,Endmontage,MA-3178,9,Gerät fertig montiert SMI 1200 Sinus ST-NVS,
472,Endmontage,MA-3183,9,Gerät fertig montiert SMI 1700 Sinus ST,
473,Endmontage,UV-0042,9,"Gerät fertig montiert, geprüft Equipment Adapter EQ-BCI",
474,Endmontage,UV-650454,9,"Gerät fertig montiert, geprüft SP1-FA (SpinFlow)",
475,Endmontage,MA-114205771,8,Gerät fertig montiert Titan VBS 2 (ROBEL 3 Tanks),
476,Endmontage,MA-2072,8,Gerät fertig montiert Switch Unit 100,
477,Endmontage,MA-3078,8,Gerät fertig montiert Battery Protector 100,
478,Endmontage,UV-2065,8,"Gerät fertig montiert, geprüft Control Unit für Sinus WR",
479,Endmontage,UV-650453,8,"Gerät fertig montiert, geprüft SP1-FA-LT (SpinFlow)",
480,Endmontage,MA-110103184,7,"Gerät fertig montiert SMI 1700 Sinus ST-NVS ""CS"" MobilPOWER Inverter SMI",
481,Endmontage,MA-5315,7,Gerät fertig montiert Fäkaltankanzeige S,
482,Endmontage,UV-0090,7,"Gerät fertig montiert, geprüft Elektro-Verteilung 14/1",
483,Endmontage,UV-1289,7,"Gerät fertig montiert, geprüft Schalter-Panel 16A S",
484,Endmontage,UV-1291,7,"Gerät fertig montiert, geprüft Schalter-Panel 2 x 16 A S",
485,Endmontage,MA-109105771,6,Gerät fertig montiert Titan VBS 2 (bimobil),
486,Endmontage,MA-110105771,6,Gerät fertig montiert Titan VBS 2 (CS),
487,Endmontage,MA-111100054,6,Gerät fertig montiert MasterBox VBS2 mit 400A-Shunt (Schell),
488,Endmontage,MA-2071,6,Gerät fertig montiert Switch Unit 40,
489,Endmontage,MA-2078,6,Gerät fertig montiert Fernanzeige S nur für Automatic Char Duo,
490,Endmontage,UV-0085,6,"Gerät fertig montiert, geprüft Bus Adapter SF / CI",
491,Endmontage,UV-0696,6,"Gerät fertig montiert, geprüft TS-Battery Charger PFPN 1204Fc",
492,Endmontage,MA-1245,5,Gerät fertig montiert Duo-Akku-Tester S,
493,Endmontage,UV-0043,5,"Gerät fertig montiert, geprüft Equipment Adapter EQ-S",
494,Endmontage,UV-1256,5,"Gerät fertig montiert, geprüft LCD-Voltmeter S",
495,Endmontage,UV-1440,5,"Gerät fertig montiert, geprüft Solar-Data-Extender",
496,Endmontage,MA-1248-02,4,Gerät montiert LCD-Charge-Control S-VCC,
497,Endmontage,MA-155101204-02,4,Gerät montiert LCD-State-of-Charge-Monitor-S (BOS),
498,Endmontage,UV-111100047,4,"Gerät fertig montiert, geprüft RS232 Interface VBS2 / Multi + (Schell)",
499,Endmontage,UV-115105301,4,"Gerät fertig montiert, geprüft Frischwassertankanzeige FTA5 (Comet)",
500,Endmontage,UV-1253,4,"Gerät fertig montiert, geprüft LCD-Thermometer, Uhr, Sensor",
501,Endmontage,UV-1285,4,"Gerät fertig montiert, geprüft Sicherungs-Panel 4 S",
502,Endmontage,UV-143100695,4,"Gerät fertig montiert, geprüft TS-Battery Charger PFPN 1204 (Magirus)",
503,Endmontage,UV-2333,4,"Gerät fertig montiert, geprüft Ladesteckdose 12V/24V mit Klappdeckel",
504,Endmontage,UV-650455,4,"Gerät fertig montiert, geprüft Relais-Box (SpinFlow)",
505,Endmontage,MA-128100052,3,Gerät fertig montiert MasterBox VBS2 mit 200A-Shunt (Dopfer),
506,Endmontage,MA-131101250-02,3,Gerät montiert LCD-Solar-Computer S (Hymer),
507,Endmontage,MA-5771,3,Gerät fertig montiert Titan VBS 2,
508,Endmontage,UV-0060,3,"Gerät fertig montiert, geprüft WLAN- Interface VBS 2",
509,Endmontage,UV-111100091,3,"Gerät fertig montiert, geprüft Elektro-Verteilung 24/5 (Schell)",
510,Endmontage,UV-111105814,3,"Gerät fertig montiert, geprüft VZE Verteiler Schell",
511,Endmontage,UV-1297,3,"Gerät fertig montiert, geprüft USB-Lader-Panel S",
512,Endmontage,UV-650461,3,"Gerät fertig montiert, geprüft SP1-FA-S (SpinFlow)",
513,Endmontage,UV-82101253,3,"Gerät fertig montiert, geprüft LCD-Thermometer / Uhr S OHNE Extern-Sensor (Rosenbauer)",
514,Endmontage,MA-111105831,2,Gerät fertig montiert VZE Triton Schell,
515,Endmontage,MA-131101204-02,2,Gerät montiert LCD-State-of-Charge-Monitor-S (Hymer),
516,Endmontage,MA-5830,2,Gerät fertig montiert VZE Sirius,
517,Endmontage,MA-6073,2,Gerät fertig montiert Battery Protector 40 24V Motor,
518,Endmontage,UV-0076,2,"Gerät fertig montiert, geprüft Dimmer Module 4 (Sub 0)",
519,Endmontage,UV-1293,2,"Gerät fertig montiert, geprüft Steckdosen-Panel S",
520,Endmontage,UV-2076,2,"Gerät fertig montiert, geprüft LED Remote Control S",
521,Endmontage,UV-6065,2,"Gerät fertig montiert, geprüft StandBy-Lader 24V",
522,Endmontage,UV-650462,2,"Gerät fertig montiert, geprüft SP1-FA Programm 02 (SpinFlow)",
523,Endmontage,MA-055303078,1,"Gerät fertig montiert Battery Protector 100 (10,6 V => 11,00 V) (VW)",
524,Endmontage,MA-106105771,1,Gerät fertig montiert Titan VBS 2 (HRZ),
525,Endmontage,MA-110205771,1,Gerät fertig montiert Titan VBS 2 Schwarz (CS),
526,Endmontage,MA-110736-03,1,Gerät endmontiert RMC (GEP),
527,Endmontage,MA-119760,1,"Gerät vergossen, montiert RWS 5V digital Geber (GEP)",
528,Endmontage,MA-128100054,1,Gerät fertig montiert MasterBox VBS2 mit 400A-Shunt (Dopfer),
529,Endmontage,MA-5800-02,1,Gerät montiert LCD Energy Monitor CI,
530,Endmontage,MA-5831,1,Gerät fertig montiert VZE Triton,
531,Endmontage,MA-650457,1,Gerät fertig montiert SP1-FB Fernbedienung (SpinFlow),
532,Endmontage,MA-696021,1,Gerät fertig montiert Duo-Akku-Tester S 24V (WAS und Rheinland),
533,Endmontage,MA-9226,1,Gerät fertig montiert RWS Digital plus,
534,Endmontage,MA-9760,1,"Gerät vergossen, montiert RWS 5V digital Geber",
535,Endmontage,MA-VBS-17-02,1,Baugruppe montiert VPC Merkur,
536,Endmontage,UV-0089,1,"Gerät fertig montiert, geprüft Elektro-Verteilung 14/1 (Kompressor Kühlschrank)",
537,Endmontage,UV-0091,1,"Gerät fertig montiert, geprüft Elektro-Verteilung 24/5",
538,Endmontage,UV-046205708,1,"Gerät fertig montiert, geprüft Checkpanel 714 mit USB A/C",
539,Endmontage,UV-1298,1,"Gerät fertig montiert, geprüft USB A/C Lader-Panel S",
540,Endmontage,UV-5810,1,"Gerät fertig montiert, geprüft VZE-M Zentralelektrik 12V Gas",
541,Endmontage,UV-5832,1,"Gerät fertig montiert, geprüft Sirius IO",
542,Endmontage,UV-650456,1,"Gerät fertig montiert, geprüft SP1-FB-LT (SpinFlow)",
543,Endmontage,UV-999100085,1,"Gerät fertig montiert, geprüft Bus Adapter SF / CI Firmware ""alt"" 1V02",
544,Endmontage,UV-999200085,1,"Gerät fertig montiert, geprüft Bus Adapter SF / CI",
545,Endmontage ( Leiterp,MA-720362,1,Gerät fertig montiert Wechselrichter 3PhW-24ALU (Wöhr),
546,Endmontage + Endprüf,UV-3324,59,"Gerät fertig montiert, geprüft VCC 1212-30",
547,Endmontage + Endprüf,UV-3321,20,"Gerät fertig montiert, geprüft VCC 1212-20 C",
548,Endmontage + Endprüf,UV-3335,20,"Gerät fertig montiert, geprüft DCDC 1212-20",
549,Endmontage + Endprüf,UV-999103324,14,"Gerät fertig montiert, geprüft VCC 1212-30 ohne Rückladung",
550,Endmontage + Endprüf,UV-1712,9,"Gerät fertig montiert, geprüft MPP 170 CI",
551,Endmontage + Endprüf,UV-125101712,6,"Gerät fertig montiert, geprüft MPP 170 CI Kabe",
552,Endmontage + Endprüf,UV-1713,5,"Gerät fertig montiert, geprüft MPPT 170 CI",
553,Endmontage + Endprüf,UV-3360,3,"Gerät fertig montiert, geprüft VCC 1212-30 CI",
554,Endmontage + Endprüf,UV-129103324,2,"Gerät fertig montiert, geprüft VCC 1212-30 NUTS",
555,Endmontage + Endprüf,UV-11712,1,"Gerät fertig montiert, geprüft MPP 170 CI Bootsausführung",
556,Endmontage + Endprüf,UV-156303324,1,"Gerät fertig montiert, geprüft VCC 1212-30 (CAR ELECTRIC) 2",
557,Endmontage + Endprüf,UV-1710,1,"Gerät fertig montiert, geprüft MPP 165 DuoDigital",
558,Endmontage + Lüfterp,UV-131101717,34,"Gerät fertig montiert, geprüft MPP 260 CI (Hymer)",
559,Endmontage + Lüfterp,UV-131101722,25,"Gerät fertig montiert, geprüft MPP 360 CI (Hymer)",
560,Endmontage + Lüfterp,UV-1730,23,"Gerät fertig montiert, geprüft MPP 440 CI",
561,Endmontage + Lüfterp,UV-1722,19,"Gerät fertig montiert, geprüft MPP 360 CI",
562,Endmontage + Lüfterp,UV-1717,17,"Gerät fertig montiert, geprüft MPP 260 CI",
563,Endmontage + Lüfterp,UV-147101730,6,"Gerät fertig montiert, geprüft MPP 440 CI Westfalia",
564,Endmontage + Lüfterp,UV-1718,5,"Gerät fertig montiert, geprüft MPPT 260 CI",
565,Endmontage + Lüfterp,UV-1723,5,"Gerät fertig montiert, geprüft MPPT 360 CI",
566,Endmontage + Lüfterp,UV-1621,4,"Gerät fertig montiert, geprüft SR 350 Duo Digital",
567,Endmontage + Lüfterp,UV-1731,4,"Gerät fertig montiert, geprüft MPPT 440 CI",
568,Endmontage + Lüfterp,UV-125101722,3,"Gerät fertig montiert, geprüft MPP 360 CI Kabe",
569,Endmontage + Lüfterp,UV-131101715,2,"Gerät fertig montiert, geprüft MPP 250 DuoDigital (Hymer)",
570,Endmontage + Lüfterp,UV-1626,2,"Gerät fertig montiert, geprüft SR 550 Duo Digital",
571,Endmontage + Lüfterp,UV-11717,1,"Gerät fertig montiert, geprüft MPP 260 CI Bootsausführung",
572,Endmontage + Lüfterp,UV-11730,1,"Gerät fertig montiert, geprüft MPP 440 CI Bootsausführung",
573,Endmontage + Lüfterp,UV-1715,1,"Gerät fertig montiert, geprüft MPP 250 DuoDigital",
574,Endmontage und lacki,UV-110913,1,"Gerät fertig montiert, geprüft TEO digital (GEP)",
575,Endmontage und lacki,UV-110923,1,"Gerät fertig montiert, geprüft TEO digital Hybrid (GEP)",
576,Endmontage und vergi,MA-3067,26,"Gerät vergossen, montiert D+ Simulator Pro",
577,Endprüfung,UV-3326,42,"Gerät fertig montiert, geprüft VCC 1212-50",
578,Endprüfung,UV-5545,40,"Gerät fertig montiert, geprüft Tankelektrode 15-50 K",
579,Endprüfung,UV-3184,39,"Gerät fertig montiert, geprüft SMI 1700 Sinus ST-NVS",
580,Endprüfung,UV-1260,30,"Gerät fertig montiert, geprüft Batterie-Computer ohne Shunt",
581,Endprüfung,UV-5311,24,"Gerät fertig montiert, geprüft Frischwassertankanzeige S",
582,Endprüfung,UV-5740,24,"Gerät fertig montiert, geprüft VPC Jupiter",
583,Endprüfung,UV-157103184,21,"Gerät fertig montiert, geprüft SMI 1700 Sinus ST-NVS (Frankia)",
584,Endprüfung,UV-0052,19,"Gerät fertig montiert, geprüft Master-Box VBS 2 + 200A-Shunt",
585,Endprüfung,UV-5547,19,"Gerät fertig montiert, geprüft Tankelektrode 15-50 K 80AMP",
586,Endprüfung,UV-1288,17,"Gerät fertig montiert, geprüft Schalter-Panel 4 S 12/24",
587,Endprüfung,UV-144103326,17,"Gerät fertig montiert, geprüft VCC 1212-50 (Bott)",
588,Endprüfung,UV-3158,15,"Gerät fertig montiert, geprüft SMI 600 Sinus -NVS 12V",
589,Endprüfung,UV-5313,15,"Gerät fertig montiert, geprüft Abwassertankanzeige S",
590,Endprüfung,UV-0054,14,"Gerät fertig montiert, geprüft Master-Box VBS 2 + 400A-Shunt",
591,Endprüfung,UV-3075,12,"Gerät fertig montiert, geprüft Battery Protector 40",
592,Endprüfung,UV-3177,12,"Gerät fertig montiert, geprüft SMI 1200 Sinus ST",
593,Endprüfung,UV-5330,12,"Gerät fertig montiert, geprüft Info Panel Pro 12V",
594,Endprüfung,UV-3073,11,"Gerät fertig montiert, geprüft Battery Protector 40 Motor",
595,Endprüfung,UV-5741,11,"Gerät fertig montiert, geprüft VPC-ST01 Terra",
596,Endprüfung,UV-3178,9,"Gerät fertig montiert, geprüft SMI 1200 Sinus ST-NVS",
597,Endprüfung,UV-3183,9,"Gerät fertig montiert, geprüft SMI 1700 Sinus ST",
598,Endprüfung,UV-114205771,8,"Gerät fertig montiert, geprüft Titan VBS 2 (ROBEL)",
599,Endprüfung,UV-2072,8,"Gerät fertig montiert, geprüft Switch Unit 100",
600,Endprüfung,UV-110103184,7,"Gerät fertig montiert, geprüft SMI 1700 Sinus ST-NVS""CS"" MobilPOWER Inverter SMI",
601,Endprüfung,UV-5315,7,"Gerät fertig montiert, geprüft Fäkaltankanzeige S",
602,Endprüfung,UV-5549,7,"Gerät fertig montiert, geprüft Tankelektrode 25-75 K",
603,Endprüfung,UV-6075,7,"Gerät fertig montiert, geprüft Battery Protector 40 24V",
604,Endprüfung,UV-109105771,6,"Gerät fertig montiert, geprüft Titan VBS 2 (bimobil)",
605,Endprüfung,UV-110105771,6,"Gerät fertig montiert, geprüft Titan VBS 2 (CS)",
606,Endprüfung,UV-111100054,6,"Gerät fertig montiert, geprüft MasterBox VBS2 mit 400A-Shunt (Schell)",
607,Endprüfung,UV-2071,6,"Gerät fertig montiert, geprüft Switch Unit 40",
608,Endprüfung,UV-2078,6,"Gerät fertig montiert, geprüft Fernanzeige S nur für Automatic Char Duo",
609,Endprüfung,UV-128100035,5,"Gerät fertig montiert, geprüft Master Panel VBS 2 (Dopfer)",
610,Endprüfung,UV-3156,5,"Gerät fertig montiert, geprüft SMI 300 Sinus -NVS 12V",
611,Endprüfung,UV-111100035,4,"Gerät fertig montiert, geprüft Master Panel VBS 2 (Schell)",
612,Endprüfung,UV-155101204,4,"Gerät fertig montiert, geprüft LCD-State-of-Charge-Monitor-S (BOS)",
613,Endprüfung,UV-3157,4,"Gerät fertig montiert, geprüft SMI 600 Sinus 12V",
614,Endprüfung,UV-3361,4,"Gerät fertig montiert, geprüft VCC 1212-50 CI",
615,Endprüfung,UV-092200242,3,"Gerät fertig montiert, geprüft LED-Tank-Display HE 010 0-2,5V (Cold Cut)",
616,Endprüfung,UV-128100052,3,"Gerät fertig montiert, geprüft MasterBox VBS2 mit 200A-Shunt (Dopfer)",
617,Endprüfung,UV-131101250,3,"Gerät fertig montiert, geprüft LCD-Solar-Computer S (Hymer)",
618,Endprüfung,UV-5771,3,"Gerät fertig montiert, geprüft Titan VBS 2",
619,Endprüfung,UV-5800,3,"Gerät fertig montiert, geprüft LCD Energy Monitor CI Display ohne Shunt",
620,Endprüfung,UV-111105831,2,"Gerät fertig montiert, geprüft VZE Triton (Schell)",
621,Endprüfung,UV-131101204,2,"Gerät fertig montiert, geprüft LCD-State-of-Charge-Monitor-S (Hymer)",
622,Endprüfung,UV-6073,2,"Gerät fertig montiert, geprüft Battery Protector 40 24V Motor",
623,Endprüfung,UV-0035,1,"Gerät fertig montiert, geprüft Master Panel VBS 2",
624,Endprüfung,UV-106105771,1,"Gerät fertig montiert, geprüft Titan VBS 2 (H.R.Z.)",
625,Endprüfung,UV-110205771,1,"Gerät fertig montiert, geprüft Titan VBS 2 Schwarz (CS)",
626,Endprüfung,UV-110736,1,"Gerät fertig montiert, geprüft RMC (GEP)",
627,Endprüfung,UV-128100054,1,"Gerät fertig montiert, geprüft MasterBox VBS2 mit 400A-Shunt (Dopfer)",
628,Endprüfung,UV-161105545,1,"Gerät fertig montiert, geprüft Tankelektrode 15-50 K Laika 1",
629,Endprüfung,UV-161205545,1,"Gerät fertig montiert, geprüft Tankelektrode 15-50 K Laika 2",
630,Endprüfung,UV-161405545,1,"Gerät fertig montiert, geprüft Tankelektrode 15-50 K Laika 4",
631,Endprüfung,UV-5744,1,"Gerät fertig montiert, geprüft VPC Merkur",
632,Endprüfung,UV-5831,1,"Gerät fertig montiert, geprüft VZE Triton",
633,Endprüfung,UV-696021,1,"Gerät fertig montiert, geprüft Duo-Akku-Tester S 24V (WAS und Rheinland)",
634,Endprüfung,UV-720362,1,"Gerät fertig montiert, geprüft Wechselrichter 3PhW-24ALU (Wöhr)",
635,Endprüfung,UV-9226,1,"Gerät fertig montiert, geprüft RWS Digital plus",
636,Endprüfung (alle Rel,UV-3084,4,"Gerät fertig montiert, geprüft Battery Protector 300",
637,Endprüfung / Abgleic,UV-5543,42,"Gerät fertig montiert, geprüft Tankelektrode 12-24 K",
638,Endprüfung / Abgleic,UV-139505545,31,"Gerät fertig montiert, geprüft Tankelektrode 15-50 K T7 (Rotovia)",
639,Endprüfung / Abgleic,UV-5551,22,"Gerät fertig montiert, geprüft Tankelektrode 30-110 K-FL",
640,Endprüfung / Abgleic,UV-057405545,11,"Gerät fertig montiert, geprüft Tankelektrode 95 K-FL (Kärcher)",
641,Endprüfung / Abgleic,UV-5530,11,"Gerät fertig montiert, geprüft Tanksensor FL",
642,Endprüfung / Abgleic,UV-139405545,8,"Gerät fertig montiert, geprüft Grauwasser Tankelektrode (Promens)",
643,Endprüfung / Abgleic,UV-139305545,6,"Gerät fertig montiert, geprüft Frischwasser Tankelektrode (Promens)",
644,Endprüfung / Abgleic,UV-5555,5,"Gerät fertig montiert, geprüft Tankelektrode 20 K-WC",
645,Endprüfung / Abgleic,UV-125105543,4,"Gerät fertig montiert, geprüft Tankelektrode 12-24 K (Kabe)",
646,Endprüfung / Abgleic,UV-125205545,2,"Gerät fertig montiert, geprüft Tankelektrode 15-50 K (Kabe)",
647,Endprüfung / Abgleic,UV-161105543,1,"Gerät fertig montiert, geprüft Tankelektrode 12-24 K Laika 5",
648,Endprüfung 5% Stichp,UV-055203078,20,"Gerät fertig montiert, geprüft Battery Protector 100 (VW)",
649,Endprüfung 5% Stichp,UV-055103078,12,"Gerät fertig montiert, geprüft Battery Protector 100 (VW)",
650,Endprüfung 5% Stichp,UV-3078,8,"Gerät fertig montiert, geprüft Battery Protector 100",
651,Endprüfung 5% Stichp,UV-055303078,1,"Gerät fertig montiert, geprüft Battery Protector 100 (10,6 V => 11,00 V) (VW)",
652,Endprüfung FireCan-B,PA-0498c-2,7,"Gerät fertig mont., Fc geprüft VAC 2440 Fc 2A FireCan",
653,Endprüfung FireCan-B,PA-0496c-2,2,Gerät geprüft mit Firecan VAC 2425 Fc 2A,
654,Endprüfung Stichprob,UV-3066,16,"Gerät fertig montiert, geprüft D+ Simulator",
655,Endprüfung und Abgle,PA-0256,15,Gerät geprüft Tanksensor FW 120,
656,Endprüfung und Abgle,PA-0258,11,Gerät geprüft Tanksensor FW 240,
657,Endprüfung und Abgle,PA-0467-00226,6,Gerät geprüft VAC 2440 M 2A,
658,Endprüfung und Störs,UV-3124,28,"Gerät fertig montiert, geprüft Pb 1240 SMT 3B",
659,Endprüfung und Störs,UV-0430,27,"Gerät fertig montiert, geprüft VAC 1260 M 3A",
660,Endprüfung und Störs,UV-0463,25,"Gerät fertig montiert, geprüft VAC 1215 F 2A m Meldeausgang",
661,Endprüfung und Störs,UV-3101,23,"Gerät fertig montiert, geprüft Pb 1220 SMT 2B",
662,Endprüfung und Störs,UV-3242,21,"Gerät fertig montiert, geprüft VBCS 30-20-250 Triple CI",
663,Endprüfung und Störs,UV-670628T,21,"Gerät fertig montiert, geprüft VAC 1215/30 Duo (Wietmarscher)",
664,Endprüfung und Störs,UV-0664,20,"Gerät fertig montiert, geprüft VAC 45-10/25 Triple CI",
665,Endprüfung und Störs,UV-0406,18,"Gerät fertig montiert, geprüft VAC 1220 M 3A",
666,Endprüfung und Störs,UV-0483,18,"Gerät fertig montiert, geprüft VAC 1215 F 2A II m Meldeausgang",
667,Endprüfung und Störs,UV-3246,18,"Gerät fertig montiert, geprüft VBCS 60-40-430 Triple CI",
668,Endprüfung und Störs,UV-0496,17,"Gerät fertig montiert, geprüft VAC 2425 F 3A",
669,Endprüfung und Störs,UV-0464,16,"Gerät fertig montiert, geprüft VAC 1230 F 2A m Meldeausgang",
670,Endprüfung und Störs,UV-0524,16,"Gerät fertig montiert, geprüft VAC 1224-16 Station mit SK m Meldeausgang",
671,Endprüfung und Störs,UV-0625,15,"Gerät fertig montiert, geprüft VAC 1215/15 Duo",
672,Endprüfung und Störs,UV-3114,15,"Gerät fertig montiert, geprüft Pb 1230 SMT 2B",
673,Endprüfung und Störs,UV-3100,14,"Gerät fertig montiert, geprüft Pb 1215 SMT 2B",
674,Endprüfung und Störs,UV-0498,13,"Gerät fertig montiert, geprüft VAC 2440 F 2A",
675,Endprüfung und Störs,UV-0534,13,"Gerät fertig montiert, geprüft VAC 1224-16 Station m Meldeausgang",
676,Endprüfung und Störs,UV-0626,13,"Gerät fertig montiert, geprüft VAC 1215/15 Duo ohne NS",
677,Endprüfung und Störs,UV-3126,13,"Gerät fertig montiert, geprüft Pb 1260 SMT 3B",
678,Endprüfung und Störs,UV-3289,13,"Gerät fertig montiert, geprüft Pb 1280 SMT Li",
679,Endprüfung und Störs,UV-3244,12,"Gerät fertig montiert, geprüft VBCS 45-30-350 Triple CI",
680,Endprüfung und Störs,UV-670634T,11,"Gerät fertig montiert, geprüft VAC 1230/30 Duo (T) (Wietmarscher)",
681,Endprüfung und Störs,UV-0404,10,"Gerät fertig montiert, geprüft VAC 1215 M 3A",
682,Endprüfung und Störs,UV-0410,10,"Gerät fertig montiert, geprüft VAC 1230 M 3A",
683,Endprüfung und Störs,UV-0459,10,"Gerät fertig montiert, geprüft VAC 2425 M 3A",
684,Endprüfung und Störs,UV-3102,10,"Gerät fertig montiert, geprüft Pb 1225 SMT 2B",
685,Endprüfung und Störs,UV-0484,9,"Gerät fertig montiert, geprüft VAC 1230 F 2A II m Meldeausgang",
686,Endprüfung und Störs,UV-0631,9,"Gerät fertig montiert, geprüft VAC 1220/30 Duo ohne NS",
687,Endprüfung und Störs,UV-0648,9,"Gerät fertig montiert, geprüft VAC 1225/50 Duo ohne NS",
688,Endprüfung und Störs,UV-067103100T,9,"Gerät fertig montiert, geprüft Pb 1215 SMT 2B (T) (Wietmarscher)",
689,Endprüfung und Störs,UV-3125,9,"Gerät fertig montiert, geprüft Pb 1250 SMT 3B",
690,Endprüfung und Störs,UV-067200659,8,"Gerät fertig montiert, geprüft VAC 1220/40 Duo Li (Wietmarscher)",
691,Endprüfung und Störs,UV-125103272,8,"Gerät fertig montiert, geprüft VBCS 60-40-430 HV CI Kabe",
692,Endprüfung und Störs,UV-0482,7,"Gerät fertig montiert, geprüft VAC 1250 F 3A",
693,Endprüfung und Störs,UV-0498c,7,"Gerät fertig montiert, geprüft VAC 2440 Fc 2A",
694,Endprüfung und Störs,UV-0628,7,"Gerät fertig montiert, geprüft VAC 1215/30 Duo",
695,Endprüfung und Störs,UV-0467,6,"Gerät fertig montiert, geprüft VAC 2440 M 2A",
696,Endprüfung und Störs,UV-0487,6,"Gerät fertig montiert, geprüft VAC 1280 F 2A",
697,Endprüfung und Störs,UV-3131,6,"Gerät fertig montiert, geprüft Pb 1280 SMT 2B",
698,Endprüfung und Störs,UV-024100465,5,"Gerät fertig montiert, geprüft VAC 2416 F 2A m Meldeausgang",
699,Endprüfung und Störs,UV-0408,5,"Gerät fertig montiert, geprüft VAC 1225 M 3A",
700,Endprüfung und Störs,UV-3271,5,"Gerät fertig montiert, geprüft VBCS 45-30-600 Triple HV CI",
701,Endprüfung und Störs,UV-6232,5,"Gerät fertig montiert, geprüft Pb 2416 SMT 2b",
702,Endprüfung und Störs,UV-6250,5,"Gerät fertig montiert, geprüft Pb 2440 SMT 2B",
703,Endprüfung und Störs,UV-0427,4,"Gerät fertig montiert, geprüft VAC 1250 M 3A",
704,Endprüfung und Störs,UV-0485,4,"Gerät fertig montiert, geprüft VAC 2416 F 2A II m Meldeausgang",
705,Endprüfung und Störs,UV-0523,4,"Gerät fertig montiert, geprüft VAC 1224-16 Station mit SK",
706,Endprüfung und Störs,UV-0533,4,"Gerät fertig montiert, geprüft VAC 1224-16 Station",
707,Endprüfung und Störs,UV-0632,4,"Gerät fertig montiert, geprüft VAC 1220/30 Duo",
708,Endprüfung und Störs,UV-0633,4,"Gerät fertig montiert, geprüft VAC 1220/40 Duo",
709,Endprüfung und Störs,UV-0666,4,"Gerät fertig montiert, geprüft VAC 60-15/30 Triple CI",
710,Endprüfung und Störs,UV-087100485,4,"Gerät fertig montiert, geprüft VAC 2416 F 2A II m Meldeausgang ohne Netzkabel",
711,Endprüfung und Störs,UV-3270,4,"Gerät fertig montiert, geprüft VBCS 30-20-400 Triple HV CI",
712,Endprüfung und Störs,UV-0413,3,"Gerät fertig montiert, geprüft VAC 1240 M 3A",
713,Endprüfung und Störs,UV-0452,3,"Gerät fertig montiert, geprüft VAC 2416 M 3A",
714,Endprüfung und Störs,UV-0465,3,"Gerät fertig montiert, geprüft VAC 2416 F 2A m Meldeausgang",
715,Endprüfung und Störs,UV-0471,3,"Gerät fertig montiert, geprüft VAC 1215 F 3A II",
716,Endprüfung und Störs,UV-0627,3,"Gerät fertig montiert, geprüft VAC 1215/30 Duo ohne NS",
717,Endprüfung und Störs,UV-067100659,3,"Gerät fertig montiert, geprüft VAC 1220/40 Duo (115V) Li (Wietmarscher)",
718,Endprüfung und Störs,UV-099103101,3,"Gerät fertig montiert, geprüft Pb 1220 SMT 2B (Audi)",
719,Endprüfung und Störs,UV-3272,3,"Gerät fertig montiert, geprüft VBCS 60-40-800 Triple HV CI",
720,Endprüfung und Störs,UV-6239,3,"Gerät fertig montiert, geprüft Pb 2425 SMT 3B",
721,Endprüfung und Störs,UV-670627T,3,"Gerät fertig montiert, geprüft VAC 1215/30 Duo (115V) (T) (Wietmarscher)",
722,Endprüfung und Störs,UV-017203098,2,"Gerät fertig montiert, geprüft MT BCB 40-40 CI (Mobile Technology)",
723,Endprüfung und Störs,UV-0462,2,"Gerät fertig montiert, geprüft VAC 2430 M 3A / 110VAC",
724,Endprüfung und Störs,UV-0470,2,"Gerät fertig montiert, geprüft VAC 1215 F 3A",
725,Endprüfung und Störs,UV-0477,2,"Gerät fertig montiert, geprüft VAC 1230 F 3A II",
726,Endprüfung und Störs,UV-0495,2,"Gerät fertig montiert, geprüft VAC 2416 F 3A II",
727,Endprüfung und Störs,UV-0496c,2,"Gerät fertig montiert, geprüft VAC 2425 Fc 2A",
728,Endprüfung und Störs,UV-0528,2,"Gerät fertig montiert, geprüft VAC 1215 Station mit SK",
729,Endprüfung und Störs,UV-0634,2,"Gerät fertig montiert, geprüft VAC 1220/40 Duo ohne NS",
730,Endprüfung und Störs,UV-0636,2,"Gerät fertig montiert, geprüft VAC 1215/40 Duo ohne NS",
731,Endprüfung und Störs,UV-0642,2,"Gerät fertig montiert, geprüft VAC 1230/30 Duo ohne NS",
732,Endprüfung und Störs,UV-067300659,2,"Gerät fertig montiert, geprüft VAC 1220/40 Duo 115VLi (Wietmarscher)",
733,Endprüfung und Störs,UV-087100477,2,"Gerät fertig montiert, geprüft VAC 1230 F 3A II (Baumeister&Trabant)",
734,Endprüfung und Störs,UV-087100484,2,"Gerät fertig montiert, geprüft VAC 1230 F 2A II m Meldeausgang (Baumeister&Trabant)",
735,Endprüfung und Störs,UV-024100494,1,"Gerät fertig montiert, geprüft VAC 2416 F 3A (Ziegler)",
736,Endprüfung und Störs,UV-0439,1,"Gerät fertig montiert, geprüft VAC 1280 M 2A",
737,Endprüfung und Störs,UV-0476,1,"Gerät fertig montiert, geprüft VAC 1230 F 3A",
738,Endprüfung und Störs,UV-0538,1,"Gerät fertig montiert, geprüft VAC 1215 Station mit ÖK",
739,Endprüfung und Störs,UV-0544,1,"Gerät fertig montiert, geprüft VAC 2416 Station mit SK",
740,Endprüfung und Störs,UV-0548,1,"Gerät fertig montiert, geprüft VAC 2416 Station mit ÖK",
741,Endprüfung und Störs,UV-067100654,1,"Gerät fertig montiert, geprüft VAC 1215/30 Duo (115V) Li (Wietmarscher)",
742,"Endprüfung, Typensch",UV-0242,13,"Gerät fertig montiert, geprüft LED-Tank-Display HE 010",
743,"Endprüfung, Typensch",UV-102300242,8,"Gerät fertig montiert, geprüft LED-Tank-Display HE 010 (Schlingmann)",
744,"Endprüfung, Typensch",UV-0244,6,"Gerät fertig montiert, geprüft LED-Tank-Display HE 420",
745,"Endprüfung, Typensch",UV-044100247,5,"Gerät fertig montiert, geprüft LED-Tank-Display HE 010 neutr Abgleich 0-5,0V; LED 10% an (Fischer)",
746,"Endprüfung, Typensch",UV-150100242,3,"Gerät fertig montiert, geprüft LED-Tank-Display HE 010 (Müller)",
747,Endprüfung/Abgleich,UV-5783,29,"Gerät fertig montiert, geprüft Smart-Shunt 200 A",
748,Endprüfung/Abgleich,UV-5793,24,"Gerät fertig montiert, geprüft Smart-Shunt 400 A",
749,Endprüfung/Abgleich,PA-0625-00185,15,Gerät geprüft VAC 1215/15 Duo,
750,Endprüfung/Abgleich,PA-0498-00221,13,Gerät geprüft VAC 2440 F 2A,
751,Endprüfung/Abgleich,PA-3289-00321,12,Gerät geprüft Pb 1280 SMT Li,
752,Endprüfung/Abgleich,PA-0498c-00225,7,Gerät geprüft VAC 2440 Fc 2A FireCan,
753,Endprüfung/Abgleich,PA-0628-00187,7,Gerät geprüft VAC 1215/30 Duo,
754,Endprüfung/Abgleich,PA-0487-00183,6,Gerät geprüft VAC 1280 F 2A,
755,Endprüfung/Abgleich,PA-3131-00322,6,Gerät geprüft Pb 1280 SMT 2B,
756,Endprüfung/Abgleich,UV-5806,4,"Gerät fertig montiert, geprüft SmartShunt-CI 400A",
757,Endprüfung/Abgleich,UV-5773,3,"Gerät fertig montiert, geprüft Smart-Shunt 100 A",
758,Endprüfung/Abgleich,UV-5804,3,"Gerät fertig montiert, geprüft SmartShunt-CI 100A",
759,Endprüfung/Abgleich,UV-5805,3,"Gerät fertig montiert, geprüft SmartShunt-CI 200A",
760,Endprüfung/Abgleich,UV-017105783,1,"Gerät fertig montiert, geprüft MT Smart-Shunt 200 A (Mobile Technology)",
761,Endprüfung/Abgleich,UV-5812,1,"Gerät fertig montiert, geprüft SmartShunt-CI 200A",
762,"Endprüfung/Abgleich,",PA-670628T-00132,21,Gerät geprüft VAC 1215/30 Duo (Wietmarscher),
763,"Endprüfung/Abgleich,",PA-670634T-00134,11,Gerät geprüft VAC 1230/30 Duo (T) (Wietmarscher),
764,"Endprüfung/Abgleich,",PA-067200659-00633,8,Gerät geprüft VAC 1220/40 Duo Li (Wietmarscher),
765,"Endprüfung/Abgleich,",PA-067100659-00630,3,Gerät geprüft VAC 1220/40 Duo (115V) Li (Wietmarscher),
766,"Endprüfung/Abgleich,",PA-670627T-00131,3,Gerät geprüft VAC 1215/30 Duo (115V) (T) (Wietmarscher),
767,"Endprüfung/Abgleich,",PA-067300659-00681,2,Gerät geprüft VAC 1220/40 Duo (115V) Li (Wietmarscher),
768,"Endprüfung/Abgleich,",PA-067100654-00628,1,Gerät geprüft VAC 1215/30 Duo (115V) Li (Wietmarscher),
769,Endprüfung/Endmontag,UV-092100242,4,"Gerät fertig montiert, geprüft LED-Tank-Display HE 010 (Cold Cut)",
770,Endprüfung\Abgleich,PA-0631-00191,9,Gerät geprüft VAC 1220/30 Duo ohne NS,
771,Endprüfung\Abgleich,PA-0648-00618,9,Gerät geprüft VAC 1225/50 Duo ohne NS,
772,Endprüfung\Abgleich,PA-6250-00336,5,Gerät geprüft Pb 2440 SMT 2B,
773,Endprüfung\Abgleich,PA-0632-00192,4,Gerät geprüft VAC 1220/30 Duo,
774,Endprüfung\Abgleich,PA-0633-00194,4,Gerät geprüft VAC 1220/40 Duo,
775,Endprüfung\Abgleich,PA-0462-00220,2,Gerät geprüft VAC 2430 M 3A / 110VAC,
776,Endprüfung\Abgleich,PA-0634-00193,2,Gerät geprüft VAC 1220/40 Duo ohne NS,
777,Endprüfung\Abgleich,PA-0636-00188,2,Gerät geprüft VAC 1215/40 Duo ohne NS,
778,Endprüfung\Abgleich,PA-0642-00195,2,Gerät geprüft VAC 1230/30 Duo ohne NS,
779,Endprüfung\Abgleich,PA-0439-00182,1,Gerät geprüft VAC 1280 M 2A,
780,"Endprüfung\Abgleich,",PA-0626-00184,13,Gerät geprüft VAC 1215/15 Duo ohne NS,
781,"Endprüfung\Abgleich,",PA-0627-00186,3,Gerät geprüft VAC 1215/30 Duo ohne NS,
782,Fertigmontage,MA-670628T,21,Gerät fertig montiert VAC 1215/30 Duo (Wietmarscher),
783,Fertigmontage,MA-0625,15,Gerät fertig montiert VAC 1215/15 Duo,
784,Fertigmontage,MA-0498,13,Gerät fertig montiert VAC 2440 F 2A,
785,Fertigmontage,MA-0626,13,Gerät fertig montiert VAC 1215/15 Duo ohne NS,
786,Fertigmontage,MA-3289,12,Gerät fertig montiert Pb 1280 SMT Li,
787,Fertigmontage,MA-670634T,11,Gerät fertig montiert VAC 1230/30 Duo (T) (Wietmarscher),
788,Fertigmontage,MA-0631,9,Gerät fertig montiert VAC 1220/30 Duo ohne NS,
789,Fertigmontage,MA-0648,9,Gerät fertig montiert VAC 1225/50 Duo ohne NS,
790,Fertigmontage,MA-067200659,8,Gerät fertig montiert VAC 1220/40 Duo Li (Wietmarscher),
791,Fertigmontage,MA-0498c,7,Gerät fertig montiert VAC 2440 Fc 2A,
792,Fertigmontage,MA-0628,7,Gerät fertig montiert VAC 1215/30 Duo,
793,Fertigmontage,MA-0467,6,Gerät fertig montiert VAC 2440 M 2A,
794,Fertigmontage,MA-0487,6,Gerät fertig montiert VAC 1280 F 2A,
795,Fertigmontage,MA-3131,6,Gerät fertig montiert Pb 1280 SMT 2B,
796,Fertigmontage,MA-6250,5,Gerät fertig montiert Pb 2440 SMT 2B,
797,Fertigmontage,MA-0632,4,Gerät fertig montiert VAC 1220/30 Duo,
798,Fertigmontage,MA-0633,4,Gerät fertig montiert VAC 1220/40 Duo,
799,Fertigmontage,MA-0627,3,Gerät fertig montiert VAC 1215/30 Duo ohne NS,
800,Fertigmontage,MA-067100659,3,Gerät fertig montiert VAC 1220/40 Duo (115V) Li (Wietmarscher),
801,Fertigmontage,MA-670627T,3,Gerät fertig montiert VAC 1215/30 Duo (115V) (T) (Wietmarscher),
802,Fertigmontage,MA-0462,2,Gerät fertig montiert VAC 2430 M 3A / 110VAC,
803,Fertigmontage,MA-0634,2,Gerät fertig montiert VAC 1220/40 Duo ohne NS,
804,Fertigmontage,MA-0636,2,Gerät fertig montiert VAC 1215/40 Duo ohne NS,
805,Fertigmontage,MA-0642,2,Gerät fertig montiert VAC 1230/30 Duo ohne NS,
806,Fertigmontage,MA-067300659,2,Gerät fertig montiert VAC 1220/40 Duo115V Li (Wietmarscher),
807,Fertigmontage,MA-0439,1,Gerät fertig montiert VAC 1280 M 2A,
808,Fertigmontage,MA-067100654,1,Gerät fertig montiert VAC 1215/30 Duo (115V) Li (Wietmarscher),
809,FireCan-Board fertig,MA-VAK03b-01-01,2,Baugruppe montiert VAC 2425 Fc 2A FireCan-Board,
810,Geh.teil vormontier,MA-Tankgeber-33-06,44,"ES-Stab, Schlauch und Hülse montiert 485mm lang",
811,Geh.teil vormontier,MA-Tankgeber-33-03,27,"ES-Stab, Schlauch und Hülse montiert 245mm lang",
812,Geh.teil vormontier,MA-Tankgeber-33-09,27,"ES-Stab, Schlauch und Hülse montiert 335mm lang",
813,Geh.teil vormontier,MA-Tankgeber-33-04,8,"ES-Stab, Schlauch und Hülse montiert 267mm lang",
814,Geh.teil vormontier,MA-Tankgeber-33-10,8,"ES-Stab, Schlauch und Hülse montiert 750mm lang",
815,Geh.teil vormontier,MA-Tankgeber-33-02,6,"ES-Stab, Schlauch und Hülse montiert 238mm lang",
816,Geh.teil vormontier,MA-Tankgeber-33-07,4,"ES-Stab, Schlauch und Hülse montiert 499mm lang",
817,Geh.teil vormontier,MA-Tankgeber-33-08,2,"ES-Stab, Schlauch und Hülse montiert 545mm lang",
818,Geh.teil vormontier,MA-Tankgeber-33-14,2,"ES-Stab, Schlauch und Hülse montiert 705mm lang",
819,Geh.teil vormontier,MA-Tankgeber-33-11,1,"ES-Stab, Schlauch und Hülse montiert 174mm lang",
820,Geh.teil vormontier,MA-Tankgeber-33-12,1,"ES-Stab, Schlauch und Hülse montiert 565mm lang",
821,Geh.teil vormontier,MA-Tankgeber-33-13,1,"ES-Stab, Schlauch und Hülse montiert 358mm lang",
822,Gehäuse montieren un,MA-110746-01,4,Gehäuse montiert verkabelt RME Schaltbox Zubringerpumpe (GEP),
823,Gehäuse nach Aushärt,MA-Tankgeber-09-02,11,Gehäuse gebohrt und gesenkt Tanksensor FL,
824,Hauptplatine lackier,UV-110915,1,"Gerät fertig montiert, geprüft TEO (digital) (GEP)",
825,Hauptplatine mit ISO,PL-0664-00531,19,Baugruppe lackiert geprüft VAC 45-10/25 Triple CI,
826,Hauptplatine mit ISO,PL-0666-00611,3,Baugruppe lackiert geprüft VAC 60-15/30 Triple CI,
827,Hauptplatine mit ISO,PL-0664-00610,2,Baugruppe lackiert geprüft VAC 45-10/25 Triple CI,
828,Hauptplatine mit ISO,PL-0666-00532,1,Baugruppe lackiert geprüft VAC 60-15/30 Triple CI,
829,Hülse prägen,11-1399,28,"Edelstahlhülse beschriftet und 2x geprägt D=24,2 d=23,2 L=37 MZ-11-1399",
830,KK auf Platine mont.,BKK-VKH09e-C-K04,15,KK-Platine Wechselrichter SMI 600 Sinus NVS 12V,
831,KK auf Platine mont.,BKK-VKH09e-A-K01,5,KK-Platine Wechselrichter SMI 300 Sinus NVS 12V,
832,KK auf Platine mont.,BKK-VKH09e-C-K03,5,KK-Platine Wechselrichter SMI 600 Sinus 12V,
833,KK mit SIL bekleben,KK-S506-75-BA,13,Kühlkörper S506 75mm mit SIL ohne Schrauben,
834,KK vormontieren,KK-SK343-75-AA,97,Kühlkörper SK343 75mm mit Madenschrauben und SIL,
835,KK vormontieren,KK-S507-75-AA,48,Kühlkörper S507 75mm mit Madenschrauben und SIL,
836,KK vormontieren,KK-S507-75-AB,41,Kühlkörper S507 75mm mit Madenschrauben und SIL,
837,KK vormontieren,BKK-VKF05g-A-K02,37,KK-Platine Ladegeräte Lader 12V bis 60A,
838,KK vormontieren,KK-S507-75-AC,35,Kühlkörper S507 75mm mit Madenschrauben und SIL,
839,KK vormontieren,KK-S507-100-AA,33,Kühlkörper S507 100mm mit Madenschrauben und SIL,
840,KK vormontieren,BKK-VKF05g-B-K03,26,KK-Platine Ladegeräte Lader 24V bis 30A,
841,KK vormontieren,KK-S507-115-AA,24,Kühlkörper S507 115mm mit Madenschrauben und SIL,
842,KK vormontieren,BKK-VKF05h-A-K02,17,KK-Platine Ladegeräte Lader 12V bis 60A,
843,KK vormontieren,KK-S506-100-AA,9,Kühlkörper S506 100mm mit Madenschrauben und SIL,
844,KK vormontieren,BKK-VKF05h-B-K03,4,KK-Platine Ladegeräte Lader 24V bis 30A,
845,KK-S506-100-AA-001,KK-S506-100-AA-001,22,Kühlkörper S506 100mm bestückt mit Elektronik und Schrauben,
846,KK-S506-100-AA-002,KK-S506-100-AA-002,18,Kühlkörper S506 100mm bestückt mit Elektronik und Schrauben,
847,KK-S506-100-BA-003,KK-S506-100-BA-003,73,Kühlkörper S506 100mm bestückt mit Elektronik ohne Schrauben,
848,KK-S506-100-BA-004,KK-S506-100-BA-004,74,Kühlkörper S506 100mm bestückt mit Elektronik ohne Schrauben,
849,KK-S506-100-BA-005,KK-S506-100-BA-005,68,Kühlkörper S506 100mm bestückt mit Elektronik ohne Schrauben,
850,KK-S506-100-BA-006,KK-S506-100-BA-006,20,Kühlkörper S506 100mm bestückt mit Elektronik ohne Schrauben,
851,KK-S506-100-BA-007,KK-S506-100-BA-007,5,Kühlkörper S506 100mm bestückt mit Elektronik ohne Schrauben,
852,KK-S506-100-BA-008,KK-S506-100-BA-008,21,Kühlkörper S506 100mm bestückt mit Elektronik ohne Schrauben,
853,KK-S506-75-AA-001,KK-S506-75-AA-001,13,Kühlkörper S506 75mm bestückt mit Elektronik und Schrauben,
854,KK-S506-75-BA-002,KK-S506-75-BA-002,24,Kühlkörper S506 75mm bestückt mit Elektronik ohne Schrauben,
855,KK-S506-75-BA-003,KK-S506-75-BA-003,20,Kühlkörper S506 75mm bestückt mit Elektronik ohne Schrauben,
856,KK-S506-75-BB,KK-S506-75-BB,4,Kühlkörper S506 75mm mit SIL ohne Schrauben,
857,KK-S506-75-BB-004,KK-S506-75-BB-004,20,Kühlkörper S506 75mm bestückt mit Elektronik ohne Schrauben,
858,KK-S507-100-AA-001,KK-S507-100-AA-001,39,Kühlkörper S507 100mm bestückt mit Elektronik und Schrauben,
859,KK-S507-100-AA-002,KK-S507-100-AA-002,42,Kühlkörper S507 100mm bestückt mit Elektronik und Schrauben,
860,KK-S507-100-AA-003,KK-S507-100-AA-003,29,Kühlkörper S507 100mm bestückt mit Elektronik und Schrauben,
861,KK-S507-115-AA-001,KK-S507-115-AA-001,42,Kühlkörper S507 100mm bestückt mit Elektronik und Schrauben,
862,KK-S507-75-AA-001,KK-S507-75-AA-001,82,Kühlkörper S507 75mm bestückt mit Elektronik und Schrauben,
863,KK-S507-75-AA-006,KK-S507-75-AA-006,39,Kühlkörper S507 75mm bestückt mit Elektronik und Schrauben,
864,KK-S507-75-AA-007,KK-S507-75-AA-007,20,Kühlkörper S507 75mm bestückt mit Elektronik und Schrauben,
865,KK-S507-75-AB-002,KK-S507-75-AB-002,52,Kühlkörper S507 75mm bestückt mit Elektronik und Schrauben,
866,KK-S507-75-AB-003,KK-S507-75-AB-003,10,Kühlkörper S507 75mm bestückt mit Elektronik und Schrauben,
867,KK-S507-75-AB-004,KK-S507-75-AB-004,41,Kühlkörper S507 75mm bestückt mit Elektronik und Schrauben,
868,KK-S507-75-AB-005,KK-S507-75-AB-005,14,Kühlkörper S507 75mm bestückt mit Elektronik und Schrauben,
869,KK-S507-75-AC-008,KK-S507-75-AC-008,41,Kühlkörper S507 75mm bestückt mit Elektronik und Schrauben,
870,KK-S507-75-AC-009,KK-S507-75-AC-009,41,Kühlkörper S507 75mm bestückt mit Elektronik und Schrauben,
871,KK-S507-75-AC-010,KK-S507-75-AC-010,30,Kühlkörper S507 75mm bestückt mit Elektronik und Schrauben,
872,KK-SK343-75-AA-001,KK-SK343-75-AA-001,88,Kühlkörper SK343 75mm bestückt mit Elektronik und Schrauben,
873,KK-SK343-75-AA-002,KK-SK343-75-AA-002,108,Kühlkörper SK343 75mm bestückt mit Elektronik und Schrauben,
874,KK-SK343-75-AA-003,KK-SK343-75-AA-003,46,Kühlkörper SK343 75mm bestückt mit Elektronik und Schrauben,
875,KK-SK343-75-AA-004,KK-SK343-75-AA-004,99,Kühlkörper SK343 75mm bestückt mit Elektronik und Schrauben,
876,KK-SK343-75-AA-005,KK-SK343-75-AA-005,4,Kühlkörper SK343 75mm bestückt mit Elektronik und Schrauben,
877,KK-SK343-75-AA-006,KK-SK343-75-AA-006,18,Kühlkörper SK343 75mm bestückt mit Elektronik und Schrauben,
878,KK-SK343-75-AA-007,KK-SK343-75-AA-007,37,Kühlkörper SK343 75mm bestückt mit Elektronik und Schrauben,
879,KK-SK343-75-AA-018,KK-SK343-75-AA-018,67,Kühlkörper SK343 75mm bestückt mit Elektronik und Schrauben,
880,KK-SK343-75-BA-012,KK-SK343-75-BA-012,92,Kühlkörper SK343 75mm bestückt mit Elektronik ohne Schrauben,
881,KK-SK343-75-BA-013,KK-SK343-75-BA-013,33,Kühlkörper SK343 75mm bestückt mit Elektronik ohne Schrauben,
882,KK-SK343-75-BA-014,KK-SK343-75-BA-014,31,Kühlkörper SK343 75mm bestückt mit Elektronik ohne Schrauben,
883,KK-SK343-75-BA-015,KK-SK343-75-BA-015,92,Kühlkörper SK343 75mm bestückt mit Elektronik ohne Schrauben,
884,KK-SK343-75-BA-016,KK-SK343-75-BA-016,53,Kühlkörper SK343 75mm bestückt mit Elektronik ohne Schrauben,
885,KK-SK343-75-BB-017,KK-SK343-75-BB-017,91,Kühlkörper SK343 75mm bestückt mit Elektronik ohne Schrauben,
886,KK-vormontieren,KK-SK343-75-BA,65,Kühlkörper SK343 75mm mit SIL gerade o. Schrauben,
887,KK-vormontieren,KK-SK343-75-BB,34,Kühlkörper SK343 75mm mit SIL versetzt o. Schrauben,
888,KK-vormontieren,BKK-VKF05g-A-K01,23,KK-Platine Ladegeräte Lader 12V bis 40A,
889,KK-vormontieren,BKK-VKF05h-A-K01,10,KK-Platine Ladegeräte Lader 12V bis 40A,
890,Kabelfertigung,08-0369,17,"Flachbandkabel RM1,27 6pol 90mm 2x Micromatch Stecker 1:1",
891,Kabelfertigung,08-0354,15,"Einzelleitung Silikon 1,0mm² 1,1m blau 1:offen 2:3verz",
892,Kabelfertigung,08-0355,15,"Einzelleitung LiY 0,75mm² 1,5m schwarz 1:offen 2:FSH(09-0001)",
893,Kabelfertigung,08-0372,13,"Einzelleitung Silikon 1,0mm² 970mm blau 1:5verz 2:Silikonkappe+Ferrit",
894,Kabelfertigung,08-0095,11,"Einzelleitung Silikon 1,0mm² 1,15m blau 1:offen 2:Schrumpfschlauch",
895,Kabelfertigung,08-0387,10,"Einzelleitung Silikon 1,0mm² 1,5m blau 1: geschnitten 2: PVC-Kappe vergossen",
896,Kabelfertigung,08-0388,10,"Einzelleitung Silikon 1,0mm² 3,0m blau 1: geschnitten 2: PVC-Kappe vergossen",
897,Kabelfertigung,08-0373,9,"Einzelleitung LiY 0,75mm² 100mm schwarz 1:(08-0373) 2:(09-0283)",
898,Kabelfertigung,08-0321,6,"Spiralkabel PUR 3x2,5mm² 5m orange 1:50FSH 2:Speakon",
899,Kabelfertigung,08-0201,4,Einzelleitung hochflex 10mm² 90mm rot 1:12geritzt 2:12verz,
900,Kabelfertigung,08-0361,4,Einzelleitung H07V-K 6mm² 200mm rot 1:Ring(09-0136) 2:12geritzt,
901,Kabelfertigung,08-0362,4,Einzelleitung H07V-K 6mm² 220mm schwarz 1:Ring(09-0136) 2:12geritzt,
902,Kabelfertigung,08-0167,3,"Einzelleitung Silikon 1,0mm² 3,25m blau 1:5verz 2:Edelstahlstab",
903,Kabelfertigung,08-0169,3,"Einzelleitung Silikon 1,0mm² 3,25m blau 1:5verz 2:Schrumpfschlauch",
904,Kabelfertigung,08-0221,3,"Einzelleitung LiY 0,75mm² 80mm schwarz 1:AE 2:AE",
905,Kabelfertigung,08-0099,2,"Einzelleitung H05V-K 1,0mm² 60mm schwarz 1: 5verz 2: 5verz mit Schrumpfschlauch",
906,Kabelfertigung,08-0311,2,"Calix Einbaukabel 1,5mm² 2,0m mit Schrumpfschlauch",
907,Kabelfertigung,08-0320,2,"Mantelleitung H07RN-F 2x2,5mm² 2,55m schwarz 1:25/7AE 2:25/7AE",
908,Kabelfertigung,08-0323,2,"Flachbandkabel RM1,27 4pol 450mm in Adaglas-Schlauch 6pol Stiftleiste 2.Seite verzinnt",
909,Kabelfertigung,08-0340,2,Modularkabel 8pol 5m schwarz 2x 8P8C Stecker 1:1 gewickelt mit Gummiring,
910,Kabelfertigung,08-0070a,1,"Mantelleitung H03VV-F 2x0,75mm 20m schwarz 1: 21/7AE 2: 21/7 verz mit Amphenolstecker",
911,Kabelfertigung,08-0199,1,"Zwillingslitze 2x0,14 rt/ws 155mm 1:3-5verz 2:3-5verz",
912,Kabelfertigung,08-0262,1,Modularkabel 6pol 1m schwarz 2x 6P6C Stecker 1:1,
913,Kabelfertigung,08-0314,1,"Ölflexkabel 2x4mm² 4,15m grau 1:30AE 2:50FSH(09-0005)",
914,Kabelfertigung,08-0326,1,"Modularkabel 8pol 2,5m schwarz 2x 8P8C Stecker 1:1 + PG 9 mit Kabelbinder",
915,Kabelfertigung,08-0329,1,"Mantelleitung 4x1,0mm² 1,7m schwarz mit Stecker nach MA-KG20-1",
916,Kabelfertigung,08-0338,1,Modularkabel 8pol 3m schwarz 2x 8P8C Stecker 1:1 gewickelt mit Gummiring,
917,Kabelfertigung,08-0350,1,Modularkabel 8pol 10m schwarz 2x 8P8C Stecker 1:1 gewickelt mit Kabelbinder,
918,Kabelfertigung,08-0379,1,"Mantelleitung H03VV-F 3x0,75mm 1,0m 1: 25/5 AE 2: 70 RingKS M4",
919,Kabelfertigung,08-0427,1,USB-Ladebuchse montiert Checkpanel 714 mit USB A/C,
920,Kabelfertigung,08-0430,1,"Flachbandkabel RM1,27 6pol 120mm 2x Micromatch Stecker 1:1",
921,Kabelfertigung,08-0431,1,"Mantelleitung LIYY 3x0,5mm² 5,0m grau, Adern: gn ws bn 1:17/0 4pol AMP 172159-1 2:17/0 4pol AMP 172167-1",
922,Kabelfertigung,08-0436a,1,"Einzelleitung H07V-K 2,5mm² 195mm braun 1: FSH6,3 blau 2: 3verz abisoliert und verzinnt",
923,Kabelfertigung,08-0437a,1,"Einzelleitung H07V-K 2,5mm² 195mm blau 1: FSH6,3 blau 2: 3verz abisoliert und verzinnt",
924,Kabelfertigung,08-0438a,1,"Einzelleitung H07V-K 2,5mm² 95mm schwarz 1: FSH6,3 blau 2: 3verz abisoliert und verzinnt",
925,Kabelfertigung,08-0439a,1,"Einzelleitung H07V-K 2,5mm² 95mm braun 1: FSH6,3 blau 2: 3verz abisoliert und verzinnt",
926,Kabelfertigung,08-0440a,1,"Einzelleitung H05V-K 0,5mm² 235mm braun 1: AE 2: 3verz abisoliert und verzinnt",
927,Kabelfertigung,08-0441a,1,"Einzelleitung H05V-K 0,5mm² 235mm weiß 1: AE 2: 3verz abisoliert und verzinnt",
928,Kabelfertigung,08-0442a,1,"Einzelleitung H05V-K 0,5mm² 235mm rot 1: AE 2: 3verz abisoliert und verzinnt",
929,Kabelfertigung,08-0443a,1,"Einzelleitung H05V-K 0,5mm² 95mm braun 1: FSH6,3 rot 2: 3 verz abisoliert und verzinnt",
930,Kunststoff-FP silber,UV-2016,2,"Gerät fertig montiert, geprüft Montagerahmen S für Anzeigeteil Inverter",
931,Kühlkörper vormont.,KK-S506-75-AA,2,Kühlkörper S506 75mm mit Madenschrauben und SIL,
932,Lackierung der Baugr,PL-VAF01d-201-00639,25,"Baugruppe geprüft, lackiert VAC 1224-16 Station",
933,Lackierung der Baugr,LA-VAI01a-107,21,Baugruppe lackiert MPP 440 CI nur Speicherdrossel,
934,Lackierung der Baugr,PL-VKF07c-402-00404,20,"Baugruppe geprüft, lackiert MasterBox VBS2 mit 200A-Shunt",
935,Lackierung der Baugr,PL-VKF07c-403-00404,15,"Baugruppe geprüft, lackiert MasterBox VBS2 mit 400A-Shunt",
936,Lackierung der Baugr,PL-VAA05c-101-00265,12,"Baugruppe geprüft, lackiert Info Panel Pro 12V",
937,Lackierung der Baugr,PL-VAE04a-101-00638,11,"Baugruppe geprüft, lackiert TS-Battery Charger PFPN 1204",
938,Lackierung der Baugr,LA-VKA10a-102,6,Baugruppe lackiert Fernanzeige S für Automatic Charger DUO,
939,Lackierung der Baugr,LA-VAE05d-101,5,Baugruppe lackiert Smart Shunt 100-200-400 nur SMD Seite,
940,Lackierung der Baugr,LA-VAI01b-107,5,Baugruppe lackiert MPPT 440 CI nur Speicherdrossel,
941,Lackierung der Baugr,PL-VAE04a-102-00638,5,"Baugruppe geprüft, lackiert TS-Battery Charger PFPN 1204Fc",
942,Lackierung der Baugr,PL-VKF07c-403-00403,5,"Baugruppe geprüft, lackiert MasterBox VBS2 mit 400A-Shunt (Schell)",
943,Lackierung der Baugr,PL-VAF01c-201-00466,4,"Baugruppe geprüft, lackiert VAC 1224-16 Station",
944,Lackierung der Baugr,PL-VAF01cF-112-00450,4,"Baugruppe geprüft, lackiert VAC 1230 F 3A SKII",
945,Lackierung der Baugr,PL-VAF01cF-111-00449,3,"Baugruppe geprüft, lackiert VAC 1215 F 3A SKII",
946,Lackierung der Baugr,PL-VKC07m-101,3,"Baugruppe geprüft, lackiert VAC Leistungsteil 12V 40A",
947,Lackierung der Baugr,PL-VKC07m-201,3,"Baugruppe geprüft, lackiert VAC Leistungsteil 12V 20A",
948,Lackierung der Baugr,PL-VKF05g-105-00476,3,"Baugruppe geprüft, lackiert VAC 1260 M 3A",
949,Lackierung der Baugr,PL-VKF05g-108-00236,3,"Baugruppe geprüft, lackiert VAC 2425 F 3A",
950,Lackierung der Baugr,PL-VAF01c-106-00449,2,"Baugruppe geprüft, lackiert VAC 1215 F 3A",
951,Lackierung der Baugr,PL-VAF01c-201-00468,2,"Baugruppe geprüft, lackiert VAC 2416 Station",
952,Lackierung der Baugr,PL-VAF01cF-113-00451,2,"Baugruppe geprüft, lackiert VAC 2416 F 3A SKII",
953,Lackierung der Baugr,PL-VAG06c-101-00500,2,"Baugruppe geprüft, lackiert VAC 12V 24V DUO max. 60A PFC",
954,Lackierung der Baugr,PL-VAG06c-102-00510,2,"Baugruppe geprüft, lackiert VAC 12V 24V 110V max. 80A PFC",
955,Lackierung der Baugr,PL-VAK03b-101-00163,2,"Baugruppe geprüft, lackiert VAC 2425 Fc 2A FireCan-Board",
956,Lackierung der Baugr,PL-VKF05g-109-00238,2,"Baugruppe geprüft, lackiert VAC 2425 Fc 2A",
957,Lackierung der Baugr,PL-VAA04b-104-10259,1,"Baugruppe geprüft, lackiert Duo-Akku-Tester S 24V (Rheinland)",
958,Lackierung der Baugr,PL-VAC10c-101-00365,1,"Baugruppe geprüft, lackiert SR 150 Duo Digital",
959,Lackierung der Baugr,PL-VAF01c-106-00456,1,"Baugruppe geprüft, lackiert VAC 1215 M 3A",
960,Lackierung der Baugr,PL-VAF01c-106-00457,1,"Baugruppe geprüft, lackiert VAC 1220 M 3A",
961,Lackierung der Baugr,PL-VAF01c-107-00450,1,"Baugruppe geprüft, lackiert VAC 1230 F 3A",
962,Lackierung der Baugr,PL-VAF01c-107-00459,1,"Baugruppe geprüft, lackiert VAC 1230 M 3A",
963,Lackierung der Baugr,PL-VAF01c-109-00448,1,"Baugruppe geprüft, lackiert VAC 2416 M 3A",
964,Lackierung der Baugr,PL-VAF01c-110-00451,1,"Baugruppe geprüft, lackiert VAC 2416 F 3A (Ziegler)",
965,Lackierung der Baugr,PL-VAF01c-203-00469,1,"Baugruppe geprüft, lackiert VAC 1215 Station",
966,Lackierung der Baugr,PL-VAI01a-101-00592,1,"Baugruppe geprüft, lackiert MPP 170 CI Bootsausführung",
967,Lackierung der Baugr,PL-VAI01a-103-00593,1,"Baugruppe geprüft, lackiert MPP 260 CI Bootsausführung",
968,Lackierung der Baugr,PL-VAI01a-107-00595,1,"Baugruppe geprüft, lackiert MPP 440 CI Bootsausführung",
969,Lackierung der Baugr,PL-VKC07m-102,1,"Baugruppe geprüft, lackiert VAC Leistungsteil 12V 40A",
970,Lackierung der Baugr,PL-VKC07m-104,1,"Baugruppe geprüft, lackiert VAC Leistungsteil 12V 50A",
971,Lackierung der Baugr,PL-VKC07m-106,1,"Baugruppe geprüft, lackiert VAC Leistungsteil 24V 20A",
972,Lackierung der Baugr,PL-VKC08e-106-00477,1,"Baugruppe geprüft, lackiert VAC Duo ohne Startüberbr. Steuerteil",
973,Lackierung der Baugr,PL-VKF05g-105-00475,1,"Baugruppe geprüft, lackiert VAC 1250 M 3A",
974,Lackierung der Baugr,PL-VKF05g-106-00207,1,"Baugruppe geprüft, lackiert VAC 1250 F 3A",
975,Lackierung der Baugr,PL-VKF05g-107-00234,1,"Baugruppe geprüft, lackiert VAC 2425 M 3A",
976,Leitung kürzen,08-0178,11,"Einzelleitung LiY 0,75mm² 1,15m schwarz",
977,MA-110736-01,MA-110736-01,1,Gehäusedeckel montiert RMC (GEP),
978,MA-110736-02,MA-110736-02,1,Gehäuseunterteil montiert RMC (GEP),
979,MA-650451-01,MA-650451-01,11,Frontplatte vormontiert (SpinFlow),
980,MA-650453-01,MA-650453-01,8,Frontplatte vormontiert SP1-FB-LT (SpinFlow),
981,MA-LTD-01,MA-LTD-01,6,Gehäuseunterteil VKG1 mit Tülle,
982,MA-Ladeboooster-7,MA-Ladebooster-7,7,Gehäuseunterteil vormontiert TS-Battery Charger PFPN 1204,
983,MA-Ladeboooster-7,MA-Ladebooster-7-Fc,6,Gehäuseunterteil vormontiert TS-Battery Charger PFPN 1204Fc,
984,MA-Ladebooster-7a,MA-Ladebooster-7a,2,Gehäuseunterteil vormontiert TS-Battery Charger PFPN 1204 (Magirus),
985,MA-Tankgeber-18,MA-Tankgeber-18,3,Gehäuseunterteil vormontiert RWS 5V digital Geber,
986,Modularkabel prüfen,08-0403,19,Modularkabel el. geprüft 6pol 1m schwarz 2x 6P6C Stecker 1:1,Modular-Kabel
987,Modularkabel prüfen,08-0393,5,"Modularkabel el. geprüft 8pol 2,5m schwarz 2x 8P8C Stecker 1:1 + PG 9 mit Kabelbinder",Modular-Kabel
988,Modularkabel prüfen,08-0394,4,"Modularkabel el. geprüft 6pol 0,3m schwarz 2x 6P6C Stecker 1:1 gewickelt mit Gummiring",Modular-Kabel
989,Modularkabel prüfen,08-0397,3,"Modularkabel el. geprüft 6pol 2,5m schwarz 2x 6P6C Stecker 1:1 1xPG7 Verschraubung+Mutter",Modular-Kabel
990,Modularkabel prüfen,08-0401,3,"Modularkabel el. geprüft 6pol 1,5m schwarz 2x 6P6C Stecker 1:1 gewickelt mit Gummiring",Modular-Kabel
991,Modularkabel prüfen,08-0396,2,"Modularkabel el. geprüft 6pol 0,5m schwarz 2x 6P6C Stecker 1:1 gewickelt mit Gummiring",Modular-Kabel
992,Modularkabel prüfen,08-0429,1,"Modularkabel el. geprüft 6pol 0,12m schwarz 2x 6P6C Stecker 1:1",Modular-Kabel
993,Montage,MA-Klemme-03,37,Durchführungsklemmen montiert Ladewandler Vo und MT 3 Stück,
994,Montage,MA-Lade-Wandler-03,36,Rückwand vormontiert VCC,
995,Montage,UV-2151,35,"Gerät fertig montiert, geprüft Fehlerstromschutzeinrichtung RCBO Typ 1P+N",
996,Montage,MA-Lader-32k-01,32,"Bodenplatte vormontiert VAC und Pb, Isofolie",
997,Montage,MA-1260-01,31,Frontplatte vormontiert LCD-Batterie-Computer S,
998,Montage,MA-Lader-32,31,"Rückwand vormontiert VAC, VAC Station, Pb SMT 2B",
999,Montage,MA-VBC-08,30,Rückwand vormontiert VAC u. VBCS Triple,
1000,Montage,UV-3063,30,"Gerät fertig montiert, geprüft StandBy-Charger Pro",
1001,Montage,MA-Lader-13-Duo-04,29,Frontplatte vormontiert Wietmarscher VAC Duo,
1002,Montage,MA-LFTR-1,28,Lüfter konfektioniert mit PVC Schlauch 60x60x20,
1003,Montage,MA-Shunt-02-02,27,Baugruppe montiert Smart-Shunt 200A,
1004,Montage,MA-Inverter-13,26,"Bodenplatte vormontiert SMI 1700 Sinus, Lüfter",
1005,Montage,MA-Inverter-14k,25,U-Profil vormontiert SMI 1700,
1006,Montage,MA-Lader-15,25,Rückwand vormontiert VAC 1260 2440,
1007,Montage,MA-Shunt-02-03,24,Baugruppe montiert Smart-Shunt 400A,
1008,Montage,MA-Inverter-11d-04,23,Frontplatte vormontiert SMI 1700 Sinus ST-NVS,
1009,Montage,MA-VBS-3-400,22,Shunt mit Mantelleitung MasterBox VBS2 mit 400A-Shunt,
1010,Montage,MA-BWR-T,21,Befestigungswinkel re. Alu si montiert m. Durchführungstülle,
1011,Montage,MA-VBS-3-200,21,Shunt mit Mantelleitung MasterBox VBS2 mit 200A-Shunt,
1012,Montage,MA-BP-GR-001,20,Bodenplatte vormontiert VAC Duo,
1013,Montage,MA-BWL-T,20,Befestigungswinkel li. Alu si montiert m. Durchführungstülle,
1014,Montage,MA-Inverter-12a,20,Rückwand vormontiert SMI 1700 Sinus,
1015,Montage,MA-Klemme-02,20,Durchführungsklemmen montiert VBCS Triple 4 Stück,
1016,Montage,MA-LFTR-3,19,Lüfter konfektioniert mit PVC Schlauch 60x60x15,
1017,Montage,MA-Lader-13-VAC-06,19,Frontplatte vormontiert VAC 2440 Fc 2A,
1018,Montage,MA-Lader-17-Duo-02,18,"U-Profil vormontiert SMI 1200, VAC, VAC Duo",
1019,Montage,MA-LFTR-2,17,Lüfter konfektioniert mit PVC Schlauch +  Etikett 60x60x25,
1020,Montage,MA-VBC-07-04,16,Frontplatte vormontiert VBCS 30-20-250 Triple CI,
1021,Montage,MA-1250-01,14,Frontplatte vormontiert LCD-Solar-Computer S,
1022,Montage,MA-Inverter-12c,14,Rückwand vormontiert SMI 1700 Frankia,
1023,Montage,MA-BP-KL-001,13,Bodenplatte vormontiert VCC DCDC 1212-45 / 1224-25 VCC DCDC 2412-45 / 2424-25,
1024,Montage,MA-Klemme-04,13,Durchführungsklemmen montiert VAC Duo 4 Stück,
1025,Montage,MA-Lader-13-Duo-01,13,Frontplatte vormontiert VAC 1215\15 Duo ohne Startüberbrückung,
1026,Montage,MA-Lader-42,13,Rückwand vormontiert Pb / VAC,
1027,Montage,MA-Lader-45,13,"Bodenplatte vormontiert VAC und Pb, Iso, Lüfter",
1028,Montage,MA-JapOTO-01,12,JapOTO Sicherung L060JLP montiert m. 2 Flachsteckern,
1029,Montage,MA-Lader-13-Duo-03,12,Frontplatte vormontiert VAC 1230 30 Duo (Wietmarscher),
1030,Montage,MA-FP-KL-005,11,Frontplatte vormontiert VCC 2424-25 IUoU,
1031,Montage,MA-VBC-15-01,11,Frontplatte vormontiert VBCS Triple HV CI,
1032,Montage,UV-158201003,11,"Gerät fertig montiert, geprüft Clesana Power Management LED",
1033,Montage,UV-2152,11,"Gerät fertig montiert, geprüft Fehlerstromschutzeinrichtung RCBO 16-30",
1034,Montage,MA-1247-01,10,Frontplatte vormontiert LCD-Charge-Control S,
1035,Montage,MA-Lader-30-VAC-01,10,U-Profil vormontiert VAC Kleinlader,
1036,Montage,MA-Inverter-12b,9,Rückwand vormontiert SMI 1200 Sinus,
1037,Montage,MA-Inverter-29-02,9,Rückwand vormontiert SMI 300/600 Sinus -NVS 12V,
1038,Montage,MA-Inverter-30-02,9,Bodenplatte vormontiert SMI  600,
1039,Montage,MA-VBC-07-06,9,Frontplatte vormontiert VBCS 60-40-430 Triple CI,
1040,Montage,MA-VBC-12-01,9,Frontplatte vormontiert VAC 45-10/25 60-15/30 TripleCI,
1041,Montage,MA-0090-01,8,Bodenplatte vormontiert Elektro-Verteilung 14/1 (Kompressor Kühlschrank),
1042,Montage,MA-1253-01,8,Frontplatte vormontiert LCD-Thermometer-Uhr S,
1043,Montage,MA-FP-KL-006,8,Frontplatte vormontiert VCC 1212-25/45 2412-45 IUoU-Li,
1044,Montage,MA-Inverter-13a,8,Bodenplatte vormontiert SMI 1200 Sinus,
1045,Montage,MA-Inverter-28a-02,8,Frontplatte vormontiert SMI  600 Sinus,
1046,Montage,MA-Ladebooster-3-14,8,Frontplatte vormontiert VCC 1212-25 IUoU-Li,
1047,Montage,MA-Ladebooster-4-01,8,Rückwand vormontiert VCC 1212-25 IUoU-Li,
1048,Montage,MA-Lader-13-Pb-06,8,Frontplatte vormontiert Pb 1280 SMT Li,
1049,Montage,MA-Lader-32b,8,Rückwand vormontiert VAC F 3A II,
1050,Montage,MA-RW-KL-002,8,Rückwand vormontiert VCC 2412/24-25 + 45 IUoULi,
1051,Montage,MA-VBC-07-05,8,Frontplatte vormontiert VBCS 45-30-350 Triple CI,
1052,Montage,MA-Lade-Wandler-07a,7,U-Profil vormontiert mit Dekorstreifen grün (Bott),
1053,Montage,MA-Lader-15a,7,Rückwand vormontiert VAC 2440 Fc 2A,
1054,Montage,MA-Lader-15e,7,Bodenplatte vormontiert VAC und Pb Lader,
1055,Montage,MA-Lader-40-VAC-01,7,U-Profil vormontiert VAC Mittellader,
1056,Montage,MA-RW-KL-004,7,Rückwand vormontiert DCDC 1224-25 + 1212-45,
1057,Montage,MA-VBC-07-08,7,Frontplatte vormontiert VBCS 60-40-430 HV CI Kabe,
1058,Montage,MA-FP-KL-001,6,Frontplatte vormontiert DCDC 1212-45,
1059,Montage,MA-Lader-13-Duo-02,6,Frontplatte vormontiert VAC 1215\15 Duo,
1060,Montage,MA-Lader-16,6,Leistungsrelais vormontiert VAC 1215/15 Duo,
1061,Montage,MA-Lader-17-Duo-01,6,U-Profil vormontiert VAC Duo Lader,
1062,Montage,MA-Lader-42k,6,Bodenplatte vormontiert Pb 1240 / VAC 1240,
1063,Montage,MA-RW-KL-001,6,Rückwand vormontiert VCC 1212-25 + 45 IUoU-Li,
1064,Montage,MA-111105814-01,5,Bodenplatte vormontiert VZE-Verteiler Schell,
1065,Montage,MA-1256-01,5,Frontplatte vormontiert LCD-Voltmeter S,
1066,Montage,MA-Inverter-11d-02,5,Frontplatte vormontiert SMI 1200 Sinus ST-NVS,
1067,Montage,MA-Lader-13-VAC-04,5,Frontplatte vormontiert VAC 2440 M 2A,
1068,Montage,MA-Lader-32k-02,5,"Bodenplatte vormontiert VAC F 3A II, Isofolie",
1069,Montage,MA-VBC-06-02,5,U-Profil vormontiert VAC Triple,
1070,Montage,MA-1248-01,4,Frontplatte vormontiert LCD-Charge-Control S-VCC,
1071,Montage,MA-BWRa-T,4,Befestigungswinkel re. Alu si montiert m. Durchführungstülle bearbeitet,
1072,Montage,MA-Inverter-11d-01,4,Frontplatte vormontiert SMI 1200 Sinus ST,
1073,Montage,MA-Inverter-11d-03,4,Frontplatte vormontiert SMI 1700 Sinus ST,
1074,Montage,MA-Inverter-28-01,4,Frontplatte vormontiert SMI  300 Sinus -NVS 12V,
1075,Montage,MA-Inverter-30-01,4,Bodenplatte vormontiert SMI  300 Sinus -NVS 12V,
1076,Montage,MA-Lader-13-Pb-04,4,Frontplatte vormontiert Pb\VAC 12V 60-80A u. Duo,
1077,Montage,MA-Lader-13-VAC-05,4,Frontplatte vormontiert VAC 1280 F 2A,
1078,Montage,MA-Lader-32a,4,Rückwand vormontiert VAC 2416 F 3A Ziegler PB 1220 SMT 2B Audi,
1079,Montage,MA-Shunt-01-02,4,Baugruppe vormontiert Smart-Shunt Sockel 200A,
1080,Montage,MA-Shunt-01-03,4,Baugruppe vormontiert Smart-Shunt Sockel 400A,
1081,Montage,MA-0091-01,3,Bodenplatte vormontiert Elektro-Verteilung 24/5,
1082,Montage,MA-131101250-01,3,Frontplatte vormontiert LCD-Solar-Computer S (Hymer),
1083,Montage,MA-155101204-01,3,Frontplatte vormontiert LCD-State-of-Charge-Monitor-S (BOS),
1084,Montage,MA-FP-KL-004,3,Frontplatte vormontiert VCC 2412-45 1212-45 Li,
1085,Montage,MA-Inverter-28a-01,3,Frontplatte vormontiert SMI  600 Sinus,
1086,Montage,MA-Inverter-29-01,3,Rückwand vormontiert SMI 600,
1087,Montage,MA-Lader-13-Pb-03,3,Frontplatte vormontiert Pb 1280 SMT,
1088,Montage,MA-131101204-01,2,Frontplatte vormontiert LCD-State-of-Charge-Monitor-S (Hymer),
1089,Montage,MA-5800-01,2,Frontplatte vormontiert LCD Energy Monitor CI,
1090,Montage,MA-5810-01,2,Bodenplatte vormontiert VZE-M Zentralelektrik,
1091,Montage,MA-720368-01,2,Gehäuseunterteil vormontiert Wechselrichter 3PhW-24/10 (Wöhr) IP65,
1092,Montage,MA-720368-02,2,Gehäusedeckel vormontiert Wechselrichter 3PhW-24/10 (Wöhr) IP65,
1093,Montage,MA-FP-KL-003,2,Frontplatte vormontiert DCDC 2412-25/45,
1094,Montage,MA-Lader-13-VAC-02,2,Frontplatte vormontiert VAC 2430 M 3A 110-230V,
1095,Montage,MA-Lader-42a,2,Rückwand vormontiert VAC 2425 Fc 2A,
1096,Montage,MA-LaderMT-30-102,2,Frontplatte vormontiert BCB 30 40 60 CI (Mobile Technology),
1097,Montage,MA-LaderMT-31-101,2,Rückwand vormontiert BCB 30 40 60 (Mobile Technology),
1098,Montage,MA-LaderMT-32-101,2,Gehäuseunterteil vormontiert BCB 30 40 60 (Mobile Technology),
1099,Montage,MA-LaderMT-33-102,2,Gehäusedeckel vormontiert BCB 30 40 60 CI (Mobile Technology),
1100,Montage,MA-RW-KL-003,2,Rückwand vormontiert DCDC 2412-25 + 45,
1101,Montage,MA-Shunt-02-01,2,Baugruppe montiert Smart-Shunt 100A,
1102,Montage,MA-3084,1,Gerät fertig montiert Battery Protector 300,
1103,Montage,MA-FP-KL-002,1,Frontplatte vormontiert DCDC 1224-25,
1104,Montage,MA-InverterMT-26-03,1,Frontplatte vormontiert SMI 1700 SI-N (Mobile Technology),
1105,Montage,MA-Lader-13-VAC-03,1,Frontplatte vormontiert VAC 1280 M 2 2A flaches U-Profil,
1106,Montage,MA-Lader-17-VAC-01,1,U-Profil vormontiert VAC Lader,
1107,Montage,MA-VIF8b-102,1,Anzeigeeinheit montiert TEO digital Hybrid (GEP),
1108,Montage,MA-VIF8b-103,1,Anzeigeeinheit montiert TEO digital (GEP),
1109,Montage,UV-106102152,1,Gerät fertig montiert RCBO 10-30 (HRZ),
1110,Montage,UV-158101003,1,"Gerät fertig montiert, geprüft Clesana Power Management",
1111,Montage,UV-2153,1,"Gerät fertig montiert, geprüft Fehlerstromschutzeinrichtung RCBO Kombi",
1112,Montage,UV-2154,1,"Gerät fertig montiert, geprüft Fehlerstromschutzeinrichtung RCBO Typ 2P",
1113,Montage,UV-3069,1,"Gerät fertig montiert, geprüft Crash-Sensor CS1",
1114,Montage + Prüfung,UV-2067,24,"Gerät fertig montiert, geprüft Fernbedienung SMI Sinus WR",
1115,Montage + Prüfung,UV-017202067,1,"Gerät fertig montiert, geprüft Fernbedienung MT Sinus WR (Mobile Technology)",
1116,Montage allgemein,MA-3242-1,22,Platinen teilmontiert VBCS 30-20-250 Triple CI,
1117,Montage allgemein,MA-0664-1,20,Hauptplatine vormontiert VAC 45-10/25 Triple CI,
1118,Montage allgemein,MA-3246-1,19,Platinen teilmontiert VBCS 60-40-430 Triple CI,
1119,Montage allgemein,MA-Lader-20-106,15,Platinen + Gehäuse verschraubt VAC 1215/15 Duo mit Startüberbrückung,
1120,Montage allgemein,MA-3244-1,14,Platinen teilmontiert VBCS 45-30-350 Triple CI,
1121,Montage allgemein,MA-Lader-19a-104,14,Platinen + Gehäuse verschraubt VAC 2440 F 2A,
1122,Montage allgemein,MA-Lader-14-122,13,Steuerteil + Frontpl. montiert VAC 1215/30 Duo Li VAC 1220/40 Duo Li (Wietmarscher),
1123,Montage allgemein,MA-Lader-20-102,13,Platinen + Gehäuse verschraubt VAC 1215 15 Duo ohne Startüberbrückung,
1124,Montage allgemein,MA-Lader-20-105,13,Platinen + Gehäuse verschraubt VAC 1215 / 1220 30 / 40 Duo mit Startüberbrückung,
1125,Montage allgemein,MA-Lader-14-119,12,Steuerteil + Frontpl. montiert VAC 1230/30 Duo 115V (Wietmarscher),
1126,Montage allgemein,MA-Lader-19a-109,12,Platinen + Gehäuse verschraubt Pb 1280 SMT Li,
1127,Montage allgemein,UV-057505545,12,"Gerät fertig montiert, geprüft Tankelektrode 95 K-FL 6.422-788.0 (Kärcher)",
1128,Montage allgemein,MA-Lader-20-111,11,Platinen + Gehäuse verschraubt VAC 1230/30 Duo (Wietmarscher),
1129,Montage allgemein,MA-Lader-20-103,9,Platinen + Gehäuse verschraubt VAC 1220 30 Duo ohne Startüberbrückung,
1130,Montage allgemein,MA-Lader-20a-101,9,Platinen + Gehäuse verschraubt VAC 1225/50 Duo ohne Startüberbrückung,
1131,Montage allgemein,MA-3271-1,8,Platinen teilmontiert VBCS 45-30-600 Triple HV CI,
1132,Montage allgemein,MA-Lader-20-101,8,Platinen + Gehäuse verschraubt VAC 1215 30 40 / 1220 40 Duo ohne Startüberbrückung,
1133,Montage allgemein,MA-Lader-20-115,8,Platinen + Gehäuse verschraubt VAC 1215/30 Duo Li VAC 1220/40 Duo Li (Wietmarscher),
1134,Montage allgemein,MA-125103272-1,7,Platinen teilmontiert VBCS 60-40-430 HV CI Kabe,
1135,Montage allgemein,MA-3272-1,7,Platinen teilmontiert VBCS 60-40-800 Triple HV CI,
1136,Montage allgemein,MA-6075,7,Gerät fertig montiert Battery Protector 40 24V,
1137,Montage allgemein,MA-Lader-19b-101,7,Platinen + Gehäuse verschraubt VAC 2440 Fc 2A,
1138,Montage allgemein,MA-Lader-19a-102,6,Platinen + Gehäuse verschraubt VAC 2440 M 2A / Pb 2440 SMT 2B,
1139,Montage allgemein,MA-Lader-19a-103,6,Platinen + Gehäuse verschraubt VAC 1280 F 2A,
1140,Montage allgemein,MA-Lader-19a-105,6,Platinen + Gehäuse verschraubt Pb 1280 SMT 2B,
1141,Montage allgemein,MA-VAK03b-01-02,6,Baugruppe montiert VAC 2440 Fc 2A FireCan-Board,
1142,Montage allgemein,MA-3270-1,5,Platinen teilmontiert VBCS 30-20-400 Triple HV CI,
1143,Montage allgemein,MA-Lader-19a-106,5,Platinen + Gehäuse verschraubt Pb 2440 SMT 2B,
1144,Montage allgemein,MA-0666-1,4,Hauptplatine vormontiert VAC 60-15/30 Triple CI,
1145,Montage allgemein,MA-5806,4,Baugruppe vormontiert SmartShunt-CI 400A,
1146,Montage allgemein,MA-5804,3,Baugruppe vormontiert SmartShunt-CI 100A,
1147,Montage allgemein,MA-5805,3,Baugruppe vormontiert SmartShunt-CI 200A,
1148,Montage allgemein,MA-5812,2,Baugruppe vormontiert SmartShunt-CI 200A,
1149,Montage allgemein,MA-Lader-19-103,2,Platinen + Gehäuse verschraubt VAC 2430 M 3A 110-230V,
1150,Montage allgemein,MA-Lader-20-104,2,Platinen + Gehäuse verschraubt VAC 1230 30 Duo ohne Startüberbrückung,
1151,Montage allgemein,UV-720368,2,"Gerät fertig montiert, geprüft Wechselrichter 3PhW-24/10 Alu IP65 (Wöhr)",
1152,Montage allgemein,MA-5811,1,Baugruppe vormontiert SmartShunt-CI 100A,
1153,Montage allgemein,MA-5813,1,Baugruppe vormontiert SmartShunt-CI 400A,
1154,Montage allgemein,MA-Lader-19a-101,1,Platinen + Gehäuse verschraubt VAC 1280 M 2A / Pb 1280 SMT Li,
1155,Montage und vergieße,MA-5545,41,"Gerät vergossen, montiert Tankelektrode 15-50 K",
1156,Montage und vergieße,MA-5543,39,"Gerät vergossen, montiert Tankelektrode 12-24 K",
1157,Montage und vergieße,MA-139505545,30,"Gerät vergossen, montiert Tankelektrode 15-50 K T7 (Rotovia)",
1158,Montage und vergieße,MA-5551,21,"Gerät vergossen, montiert Tankelektrode 30-110 K-FL",
1159,Montage und vergieße,MA-5547,18,"Gerät vergossen, montiert Tankelektrode 15-50 K 80AMP",
1160,Montage und vergieße,MA-057505545,12,"Gerät vergossen, montiert Tankelektrode 95 K-FL 6.422-788.0 (Kärcher)",
1161,Montage und vergieße,MA-057405545,11,"Gerät vergossen, montiert Tankelektrode 95 K-FL (Kärcher)",
1162,Montage und vergieße,MA-139405545,8,"Gerät vergossen, montiert Grauwasser Tankelektrode (Promens)",
1163,Montage und vergieße,MA-5549,8,"Gerät vergossen, montiert Tankelektrode 25-75 K",
1164,Montage und vergieße,MA-139305545,6,"Gerät vergossen, montiert Frischwasser Tankelektrode (Promens)",
1165,Montage und vergieße,MA-5555,5,"Gerät vergossen, montiert Tankelektrode 20 K-WC",
1166,Montage und vergieße,MA-125105543,4,"Gerät vergossen, montiert Tankelektrode 12-24 K (Kabe)",
1167,Montage und vergieße,MA-125205545,2,"Gerät vergossen, montiert Tankelektrode 15-50 K (Kabe)",
1168,Montage und vergieße,MA-161405545,2,"Gerät montiert, vorgeprüft Tankelektrode 15-50 K Laika 4",
1169,Montage und vergieße,MA-161105543,1,"Gerät vergossen, montiert Tankelektrode 12-24 K Laika 5",
1170,Montage und vergieße,MA-161105545,1,"Gerät vergossen, montiert Tankelektrode 15-50 K Laika 1",
1171,Montage und vergieße,MA-161205545,1,"Gerät vergossen, montiert Tankelektrode 15-50 K Laika 2",
1172,Phasenschienen konf.,Phasenschienenset005,12,Phasenschiene mit einer Schiene 12/12 Länge/Polzahl,
1173,Phasenschienen konf.,Phasenschienenset004,7,Phasenschienenset mit zwei Schienen 2x 24/19 Länge/Polzahl,
1174,Phasenschienen konf.,Phasenschienenset001,5,"Phasenschienenset mit vier Schienen 10/10, 11/7, 13/9, 12/12 Länge/Polzahl",
1175,Phasenschienen konf.,Phasenschienenset009,1,"Phasenschienenset mit vier Schienen 2x 12/12, 2x 16/13 Länge/Polzahl",
1176,Phasenschienen konf.,Phasenschienenset010,1,Phasenschiene mit einer Schiene 10/5 Länge/Polzahl,
1177,Platine auf Grundpla,UV-3203,12,"Gerät fertig montiert, geprüft Plus-Distributor 6",
1178,Platine auf Grundpla,UV-3208,6,"Gerät fertig montiert, geprüft Minus-Distributor 12",
1179,Platine auf Grundpla,UV-3218,4,"Gerät fertig montiert, geprüft Minus-Distributor 14",
1180,Platine auf Grundpla,UV-3215,2,"Gerät fertig montiert, geprüft Plus-Distributor 8",
1181,Platine im Gehäuse v,MA-VKD02c-101,24,"Gerät vergossen, montiert Tanksensor FW 120, FW 240",
1182,Platine im Gehäuse v,MA-0242,13,"Gerät vergossen, montiert LED-Tank-Display HE 010",
1183,Platine im Gehäuse v,MA-102300242,9,"Gerät vergossen, montiert LED-Tank-Display HE 010 (Schlingmann)",
1184,Platine im Gehäuse v,MA-0244,6,"Gerät vergossen, montiert LED-Tank-Display HE 420",
1185,Platine im Gehäuse v,MA-044100247,5,"Gerät vergossen, montiert LED-Tank-Display HE 010 neutra Abgleich 0-5,0V LED 10% an (Fischer)",
1186,Platine im Gehäuse v,MA-092100242,4,"Gerät vergossen, montiert LED-Tank-Display HE 010 (Cold Cut)",
1187,Platine im Gehäuse v,MA-092200242,3,"Gerät vergossen, montiert LED-Tank-Display HE 010 0-2,5V (Cold Cut)",
1188,Platine im Gehäuse v,MA-150100242,3,"Gerät vergossen, montiert LED Tank Display HE 010 (Müller)",
1189,Platine in GU einbau,MA-017203098-2,2,Gerät fertig montiert MT BCB 40-40 CI (Mobile Technology),
1190,Platine in U-Profil,MA-3326,42,Gerät fertig montiert VCC 1212-50,
1191,Platine in U-Profil,MA-3328,30,Gerät fertig montiert VCC 1212-70,
1192,Platine in U-Profil,MA-3124,28,Gerät fertig montiert Pb 1240 SMT 3B,
1193,Platine in U-Profil,MA-0430,27,Gerät fertig montiert VAC 1260 M 3A,
1194,Platine in U-Profil,MA-0463,26,Gerät fertig montiert VAC 1215 F 2A m Meldeausgang,
1195,Platine in U-Profil,MA-3101,24,Gerät fertig montiert Pb 1220 SMT 2B,
1196,Platine in U-Profil,MA-3329,22,Gerät fertig montiert VCC 1212-90,
1197,Platine in U-Profil,MA-0664-2,21,Platine in U-Profil montiert VAC 45-10/25 Triple CI,
1198,Platine in U-Profil,MA-3242-2,21,Platine in U-Profil montiert VBCS 30-20-250 Triple CI,
1199,Platine in U-Profil,MA-0483,18,Gerät fertig montiert VAC 1215 F 2A II m Meldeausgang,
1200,Platine in U-Profil,MA-3246-2,18,Platine in U-Profil montiert VBCS 60-40-430 Triple CI,
1201,Platine in U-Profil,MA-0406,17,Gerät fertig montiert VAC 1220 M 3A,
1202,Platine in U-Profil,MA-0524,17,Gerät fertig montiert VAC 1224-16 Station mit SK m Meldeausgang,
1203,Platine in U-Profil,MA-144103326,17,Gerät fertig montiert VCC 1212-50 (Bott),
1204,Platine in U-Profil,MA-0464,16,Gerät fertig montiert VAC 1230 F 2A m Meldeausgang,
1205,Platine in U-Profil,MA-0496,16,Gerät fertig montiert VAC 2425 F 3A,
1206,Platine in U-Profil,MA-3114,15,Gerät fertig montiert Pb 1230 SMT 2B,
1207,Platine in U-Profil,MA-3158,15,Baugruppe montiert SMI 600 Sinus -NVS 12V,
1208,Platine in U-Profil,MA-3100,14,Gerät fertig montiert Pb 1215 SMT 2B,
1209,Platine in U-Profil,MA-0534,13,Gerät fertig montiert VAC 1224-16 Station mit ÖK m Meldeausgang,
1210,Platine in U-Profil,MA-055103306,13,Gerät fertig montiert VCC 1212-25 IUoU-Li (VW),
1211,Platine in U-Profil,MA-3126,12,Gerät fertig montiert Pb 1260 SMT 3B,
1212,Platine in U-Profil,MA-3244-2,12,Platine in U-Profil montiert VBCS 45-30-350 Triple CI,
1213,Platine in U-Profil,MA-3102,11,Gerät fertig montiert Pb 1225 SMT 2B,
1214,Platine in U-Profil,MA-0404,10,Gerät fertig montiert VAC 1215 M 3A,
1215,Platine in U-Profil,MA-0410,10,Gerät fertig montiert VAC 1230 M 3A,
1216,Platine in U-Profil,MA-0459,10,Gerät fertig montiert VAC 2425 M 3A,
1217,Platine in U-Profil,MA-0484,9,Gerät fertig montiert VAC 1230 F 2A II m Meldeausgang,
1218,Platine in U-Profil,MA-067103100T,9,Gerät fertig montiert Pb 1215 SMT 2B (T) (Wietmarscher),
1219,Platine in U-Profil,MA-3125,9,Gerät fertig montiert Pb 1250 SMT 3B,
1220,Platine in U-Profil,MA-3336,8,Gerät fertig montiert DCDC 1212-45,
1221,Platine in U-Profil,MA-0482,7,Gerät fertig montiert VAC 1250 F 3A,
1222,Platine in U-Profil,MA-125103272-2,7,Platine in U-Profil montiert VBCS 60-40-430 HV CI Kabe,
1223,Platine in U-Profil,MA-3271-2,6,Platine in U-Profil montiert VBCS 45-30-600 Triple HV CI,
1224,Platine in U-Profil,MA-3303,6,Gerät fertig montiert VCC 2424-25 IUoU,
1225,Platine in U-Profil,MA-3305,6,Gerät fertig montiert VCC 2412-45 IUoU-Li,
1226,Platine in U-Profil,MA-024100465,5,Gerät fertig montiert VAC 2416 F 2A m Meldeausgang,
1227,Platine in U-Profil,MA-0408,5,Gerät fertig montiert VAC 1225 M 3A,
1228,Platine in U-Profil,MA-3156,5,Baugruppe montiert SMI 300 Sinus -NVS 12V,
1229,Platine in U-Profil,MA-3157,5,Baugruppe montiert SMI 600 Sinus,
1230,Platine in U-Profil,MA-3351,5,Gerät fertig montiert VCC 1212-45 IUoU-Li,
1231,Platine in U-Profil,MA-3362,5,Gerät fertig montiert VCC 1212-70 CI,
1232,Platine in U-Profil,MA-6232,5,Gerät fertig montiert Pb 2416 SMT 2b,
1233,Platine in U-Profil,MA-0427,4,Gerät fertig montiert VAC 1250 M 3A,
1234,Platine in U-Profil,MA-0452,4,Gerät fertig montiert VAC 2416 M 3A,
1235,Platine in U-Profil,MA-0485,4,Gerät fertig montiert VAC 2416 F 2A II m Meldeausgang,
1236,Platine in U-Profil,MA-0523,4,Gerät fertig montiert VAC 1224-16 Station mit SK,
1237,Platine in U-Profil,MA-0533,4,Gerät fertig montiert VAC 1224-16 Station,
1238,Platine in U-Profil,MA-0666-2,4,Platine in U-Profil montiert VAC 60-15/30 Triple CI,
1239,Platine in U-Profil,MA-087100485,4,Gerät fertig montiert VAC 2416 F 2A II m Meldeausgang ohne Netzkabel,
1240,Platine in U-Profil,MA-3270-2,4,Platine in U-Profil montiert VBCS 30-20-400 Triple HV CI,
1241,Platine in U-Profil,MA-3272-2,4,Platine in U-Profil montiert VBCS 60-40-800 Triple HV CI,
1242,Platine in U-Profil,MA-3361,4,Gerät fertig montiert VCC 1212-50 CI,
1243,Platine in U-Profil,MA-0413,3,Gerät fertig montiert VAC 1240 M 3A,
1244,Platine in U-Profil,MA-0465,3,Gerät fertig montiert VAC 2416 F 2A m Meldeausgang,
1245,Platine in U-Profil,MA-0471,3,Gerät fertig montiert VAC 1215 F 3A II,
1246,Platine in U-Profil,MA-099103101,3,Gerät fertig montiert Pb 1220 SMT 2B (Audi AG),
1247,Platine in U-Profil,MA-3342,3,Gerät fertig montiert DCDC 2412-25,
1248,Platine in U-Profil,MA-6239,3,Gerät fertig montiert Pb 2425 SMT 3B,
1249,Platine in U-Profil,MA-0470,2,Gerät fertig montiert VAC 1215 F 3A,
1250,Platine in U-Profil,MA-0477,2,Gerät fertig montiert VAC 1230 F 3A II,
1251,Platine in U-Profil,MA-0495,2,Gerät fertig montiert VAC 2416 F 3A II,
1252,Platine in U-Profil,MA-0496c,2,Gerät fertig montiert VAC 2425 Fc 2A,
1253,Platine in U-Profil,MA-0528,2,Gerät fertig montiert VAC 1215 Station mit SK,
1254,Platine in U-Profil,MA-087100477,2,Gerät fertig montiert VAC 1230 F 3A II (Baumeister&Trabant),
1255,Platine in U-Profil,MA-087100484,2,Gerät fertig montiert VAC 1230 F 2A II m Meldeausgang (Baumeister&Trabant),
1256,Platine in U-Profil,MA-109103343,2,Gerät fertig montiert VCC 1224-7 IUoU,
1257,Platine in U-Profil,MA-3304,2,Gerät fertig montiert VCC 2412-25 IUoULi,
1258,Platine in U-Profil,MA-3318,2,Gerät fertig montiert VCC 2424-25 Li,
1259,Platine in U-Profil,MA-3320,2,Gerät fertig montiert VCC 2412-45 Li,
1260,Platine in U-Profil,MA-3341,2,Gerät fertig montiert DCDC 1224-25,
1261,Platine in U-Profil,MA-3343,2,Gerät fertig montiert VCC 1224-25 IUoU,
1262,Platine in U-Profil,MA-3350,2,Gerät fertig montiert VCC 1212-25 IUoU-Li,
1263,Platine in U-Profil,MA-3363,2,Gerät fertig montiert VCC 1212-90 CI,
1264,Platine in U-Profil,MA-024100494,1,Gerät fertig montiert VAC 2416 F 3A (Ziegler),
1265,Platine in U-Profil,MA-0476,1,Gerät fertig montiert VAC 1230 F 3A,
1266,Platine in U-Profil,MA-0538,1,Gerät fertig montiert VAC 1215 Station mit ÖK,
1267,Platine in U-Profil,MA-0544,1,Gerät fertig montiert VAC 2416 Station mit SK,
1268,Platine in U-Profil,MA-0548,1,Gerät fertig montiert VAC 2416 Station mit ÖK,
1269,Platine in U-Profil,MA-3338,1,Gerät fertig montiert DCDC 2412-45,
1270,Platine in U-Profil,MA-3352,1,Gerät fertig montiert VCC 1212-45 Li,
1271,Platine in U-Profil,MA-3353,1,Gerät fertig montiert VCC 1224-25 LI,
1272,Platine ins Gehäuse,MA-VKF04b-02,16,Baugruppe montiert LED-Tank-Display HE 010 neutr,
1273,Platine ins Gehäuse,MA-VKF04b-07,9,Platine + Gehäuse verschraubt LED-Tank-Display HE 010 (Schlingmann),
1274,Platine ins Gehäuse,MA-VKF04b-03,6,Baugruppe montiert LED-Tank-Display HE 420,
1275,Platine ins Gehäuse,MA-VKF04b-05,4,Platine + Gehäuse verschraubt LED-Tank-Display HE 010 (Cold Cut),
1276,Platine ins Gehäuse,MA-VKF04b-09,4,"Baugruppe montiert LED-Tank-Display HE 010 neutra Abgleich 0-5,0V LED 10% an (Fischer)",
1277,Platine ins Gehäuse,MA-VKF04b-06,3,"Platine + Gehäuse verschraubt LED-Tank-Display HE 010 0-2,5V (Cold Cut)",
1278,Platine mit Frontpla,MA-110930,1,Gerät fertig montiert Einspeise-Automatik TEA 3 (GEP),
1279,Platine nacharbeiten,NA-VAC04d-201,73,Baugruppe nachgearbeitet Tankelektrode 15-50 K,
1280,Platine nacharbeiten,NA-VAG01e-101,56,Baugruppe nachgearbeitet VCC 1212-30 / 1212-20 C,
1281,Platine nacharbeiten,NA-VAG03d-102,52,Baugruppe nachgearbeitet VCC 1212-50 Hauptplatine,
1282,Platine nacharbeiten,NA-VKE07h-201,43,Baugruppe nachgearbeitet SMI 1700 Sinus ST-NVS,
1283,Platine nacharbeiten,NA-VAF01d-101,37,Baugruppe nachgearbeitet Pb 1215 / 1220,
1284,Platine nacharbeiten,NA-VAG06c-101,37,Baugruppe nachgearbeitet VAC 12V 24V DUO max. 60A PFC,
1285,Platine nacharbeiten,NA-VAF02b-102,35,Baugruppe nachgearbeitet VCC 1212 70-90,
1286,Platine nacharbeiten,NA-VAC04d-203,30,Baugruppe nachgearbeitet Tankelektrode 15-50 K (Kabe / Rotovia T7),
1287,Platine nacharbeiten,NA-VKF01d-101,30,Baugruppe nachgearbeitet Battery Protector 40,
1288,Platine nacharbeiten,NA-VIF07b-101,29,Baugruppe nachgearbeitet StandBy-Charger 12V,
1289,Platine nacharbeiten,NA-VKC07m-103,29,Baugruppe nachgearbeitet VAC Leistungsteil 12V 40A (Wietmarscher),
1290,Platine nacharbeiten,NA-VAI07b-101,28,Baugruppe nachgearbeitet D+ Simulator Pro,
1291,Platine nacharbeiten,NA-VAF01d-201,27,Baugruppe nachgearbeitet VAC 1224-16 Station,
1292,Platine nacharbeiten,NA-VAI01a-103,27,Baugruppe nachgearbeitet MPP 260 CI,
1293,Platine nacharbeiten,NA-VAF01d-118,26,Baugruppe nachgearbeitet VAC 1215  F 2A,
1294,Platine nacharbeiten,NA-VAI01a-105,26,Baugruppe nachgearbeitet MPP 360 CI,
1295,Platine nacharbeiten,NA-VKF04b-101,25,Baugruppe nachgearbeitet LED-Tank-Display HE 010 ovale LEDs,
1296,Platine nacharbeiten,NA-VAC04d-204,24,Baugruppe nachgearbeitet Tankelektrode 95 K-FL (Kärcher),
1297,Platine nacharbeiten,NA-VAD04g-103,24,Baugruppe nachgearbeitet VBCS 30-20-250,
1298,Platine nacharbeiten,NA-VKC08e-105,24,Baugruppe nachgearbeitet VAC Duo Steuerteil (Wietmarscher),
1299,Platine nacharbeiten,NA-VKE08c-101,24,Baugruppe nachgearbeitet Battery Protector 100,
1300,Platine nacharbeiten,NA-VAF01d-105,22,Baugruppe nachgearbeitet Pb 1225 / 1230 SMT 2B,
1301,Platine nacharbeiten,NA-VAF01d-106,22,Baugruppe nachgearbeitet VAC 1215 / 1220 M 3A,
1302,Platine nacharbeiten,NA-VBA03a-101,22,Baugruppe nachgearbeitet StandBy Charger Pro,
1303,Platine nacharbeiten,NA-VKC07m-202,22,Baugruppe nachgearbeitet VAC Leistungsteil 12V 20A,
1304,Platine nacharbeiten,NA-VKF05g-105,22,Baugruppe nachgearbeitet VAC 1250 1260 M 3A,
1305,Platine nacharbeiten,NA-VAA09b-110,21,"Baugruppe nachgearbeitet LCD Solarcomputer S, LCD Batteriecomputer S, LCD Charge Control S",
1306,Platine nacharbeiten,NA-VAD04g-105,20,Baugruppe nachgearbeitet VAC 45-10-25,
1307,Platine nacharbeiten,NA-VAI01a-107,20,Baugruppe nachgearbeitet MPP 440 CI,
1308,Platine nacharbeiten,NA-VAI01b-105,20,Baugruppe nachgearbeitet MPPT 360 CI,
1309,Platine nacharbeiten,NA-VKE07h-401,20,Baugruppe nachgearbeitet SMI 1700 Sinus ST - NVS Frankia,
1310,Platine nacharbeiten,NA-VKF05g-101,20,Baugruppe nachgearbeitet Pb 1240 SMT 3B,
1311,Platine nacharbeiten,NA-VAA04b-101,19,Baugruppe nachgearbeitet Tankanzeige Wasser + Diesel S,
1312,Platine nacharbeiten,NA-VAC04d-202,19,Baugruppe nachgearbeitet Tankelektrode 30-110 K FL,
1313,Platine nacharbeiten,NA-VAD04g-101,19,Baugruppe nachgearbeitet VBCS 60-40-430,
1314,Platine nacharbeiten,NA-VAF01d-119,18,Baugruppe nachgearbeitet VAC 1230 F 2A,
1315,Platine nacharbeiten,NA-VKC07m-101,18,Baugruppe nachgearbeitet VAC Leistungsteil 12V 40A,
1316,Platine nacharbeiten,NA-VAA04b-102,17,Baugruppe nachgearbeitet Tankanzeige Abwasser Fäkal S,
1317,Platine nacharbeiten,NA-VKC07m-201,17,Baugruppe nachgearbeitet VAC Leistungsteil 12V 20A,
1318,Platine nacharbeiten,NA-VKD02c-101,16,Baugruppe nachgearbeitet Tanksensor FW,
1319,Platine nacharbeiten,NA-VKF05g-108,16,Baugruppe nachgearbeitet VAC 2425 F 3A,
1320,Platine nacharbeiten,NA-VAF01dF-111,15,Baugruppe nachgearbeitet VAC 1215 F 2A SKII,
1321,Platine nacharbeiten,NA-VAF08c-101,15,Baugruppe nachgearbeitet VPC Jupiter,
1322,Platine nacharbeiten,NA-VKF06d-201,15,Baugruppe nachgearbeitet D+ Simulator,
1323,Platine nacharbeiten,NA-VKH09e-201,15,Baugruppe nachgearbeitet SMI 600 Sinus NVS 12V,
1324,Platine nacharbeiten,NA-VAD04g-102,14,Baugruppe nachgearbeitet VBCS 45-30-350,
1325,Platine nacharbeiten,NA-VAF01d-107,14,Baugruppe nachgearbeitet VAC 1225 / 1230 M 3A,
1326,Platine nacharbeiten,NA-VAG06c-102,14,Baugruppe nachgearbeitet VAC 12V 24V 110V max. 80A PFC,
1327,Platine nacharbeiten,NA-VKI10k-104,14,Baugruppe nachgearbeitet DCDC VCC 1212-45,
1328,Platine nacharbeiten,NA-VAC10c-101,13,Baugruppe nachgearbeitet SR 150,
1329,Platine nacharbeiten,NA-VAG01e-102,13,Baugruppe nachgearbeitet DCDC 1212-20,
1330,Platine nacharbeiten,NA-VKF05g-102,13,Baugruppe nachgearbeitet Pb 1250 1260,
1331,Platine nacharbeiten,NA-VAA05c-101,12,Baugruppe nachgearbeitet Info Panel Pro 12V/24V,
1332,Platine nacharbeiten,NA-VAB01b-102,12,Baugruppe nachgearbeitet VPC-ST02 Titan Tastenplatine,
1333,Platine nacharbeiten,NA-VAB01b-104,12,Baugruppe nachgearbeitet VPC-ST02 Titan Displayplatine,
1334,Platine nacharbeiten,NA-VAE04a-101,12,Baugruppe nachgearbeitet TS-Battery Charger PFPN 1204,
1335,Platine nacharbeiten,NA-VAI01a-101,12,Baugruppe nachgearbeitet MPP 170 CI,
1336,Platine nacharbeiten,NA-VKF03g-202-K0005,12,Baugruppe nachgearbeitet SMI 1200 Sinus,
1337,Platine nacharbeiten,NA-VAD04g-109,11,Baugruppe nachgearbeitet VBCS 60-40-800 HV CI,
1338,Platine nacharbeiten,NA-VAF01dF-112,11,Baugruppe nachgearbeitet VAC 1230 F 2A SKII,
1339,Platine nacharbeiten,NA-VBA01a-101,11,Baugruppe nachgearbeitet Schalter-Panel 4 S 12/24,
1340,Platine nacharbeiten,NA-VKC07m-106,11,Baugruppe nachgearbeitet VAC Leistungsteil 24V 20A f. 40A Lader u. Feuerwehr,
1341,Platine nacharbeiten,NA-VKE11b-101-00124,11,Baugruppe nachgearbeitet SP1 (SpinFlow),
1342,Platine nacharbeiten,NA-VKI10k-120,11,Baugruppe nachgearbeitet VCC 1212-25 (VW),
1343,Platine nacharbeiten,NA-VBD03b-101,10,Baugruppe nachgearbeitet Clesana Power Management LED,
1344,Platine nacharbeiten,NA-VIF1b-101,10,Baugruppe nachgearbeitet Tanksensor FL,
1345,Platine nacharbeiten,NA-VKA10a-101,10,Baugruppe nachgearbeitet Fernbedienung Lader Anzeige,
1346,Platine nacharbeiten,NA-VKF05h-101,10,Baugruppe nachgearbeitet PB Lader 12V bis 40A,
1347,Platine nacharbeiten,NA-VKC07m-104,9,Baugruppe nachgearbeitet VAC Leistungsteil 12V 50A,
1348,Platine nacharbeiten,NA-VKC08e-106,9,Baugruppe nachgearbeitet VAC Duo Steuerteil,
1349,Platine nacharbeiten,NA-VKE07h-202,9,Baugruppe nachgearbeitet SMI 1700 Sinus ST,
1350,Platine nacharbeiten,NA-VKF03g-201-K0005,9,Baugruppe nachgearbeitet SMI 1200 Sinus NVS,
1351,Platine nacharbeiten,NA-VKF05h-102,9,Baugruppe nachgearbeitet PB Lader 12V 50 bis 60A,
1352,Platine nacharbeiten,NA-VKI05-101,9,Baugruppe nachgearbeitet Plus-Distributor 6,
1353,Platine nacharbeiten,NA-VKI10k-106,9,Baugruppe nachgearbeitet DCDC VCC 2412-45,
1354,Platine nacharbeiten,NA-VKI10k-108,9,Baugruppe nachgearbeitet VCC 2424-25,
1355,Platine nacharbeiten,NA-VAA16a-101,8,Baugruppe nachgearbeitet Equipment Adapter EQ-CI,
1356,Platine nacharbeiten,NA-VAD03a-101,8,Baugruppe nachgearbeitet Elektro-Verteilung 14/1,
1357,Platine nacharbeiten,NA-VAD04g-110,8,Baugruppe nachgearbeitet VBCS 45-30-600 HV CI,
1358,Platine nacharbeiten,NA-VAF01dF-113,8,Baugruppe nachgearbeitet VAC 2416 F 2A SKII,
1359,Platine nacharbeiten,NA-VAF02b-106,8,Baugruppe nachgearbeitet VCC 1212 70-90 CI,
1360,Platine nacharbeiten,NA-VAI01b-103,8,Baugruppe nachgearbeitet MPPT 260 CI,
1361,Platine nacharbeiten,NA-VKE08c-103,8,Baugruppe nachgearbeitet Switch Unit 100,
1362,Platine nacharbeiten,NA-VKE11b-201-00123,8,Baugruppe nachgearbeitet SP1-FA-LT (SpinFlow),
1363,Platine nacharbeiten,NA-VKF10-101,8,Baugruppe nachgearbeitet Control Unit Sinus Wechselri. Ein-Aus Steuergerät,
1364,Platine nacharbeiten,NA-VAB01b-101,7,"Baugruppe nachgearbeitet VPC-ST01 Terra, Luna, Mars Tastenplatine",
1365,Platine nacharbeiten,NA-VAB01b-103,7,"Baugruppe nachgearbeitet VPC-ST01 Terra, Luna, Mars Displayplatine",
1366,Platine nacharbeiten,NA-VAE04a-102,7,Baugruppe nachgearbeitet TS-Battery Charger PFPN 1204Fc,
1367,Platine nacharbeiten,NA-VAG05a-101,7,Baugruppe nachgearbeitet VCC 1212-50 Displayplatine,
1368,Platine nacharbeiten,NA-VAG07b-101,7,Baugruppe nachgearbeitet Bluetooth Connector S-BC,
1369,Platine nacharbeiten,NA-VAI01b-107,7,Baugruppe nachgearbeitet MPPT 440 CI,
1370,Platine nacharbeiten,NA-VBB02a-101,7,Baugruppe nachgearbeitet Meldeausgang 12V/24V,
1371,Platine nacharbeiten,NA-VKF05g-107,7,Baugruppe nachgearbeitet VAC 2425 M 3A,
1372,Platine nacharbeiten,NA-VKF05h-105,7,Baugruppe nachgearbeitet VAC Lader 12V 50 bis 60A,
1373,Platine nacharbeiten,NA-VKI10k-119,7,Baugruppe nachgearbeitet DCDC VCC 1224-25,
1374,Platine nacharbeiten,NA-VAA03-101,6,Baugruppe nachgearbeitet SP1-FA (SpinFlow),
1375,Platine nacharbeiten,NA-VAA04b-104,6,Baugruppe nachgearbeitet Duo Akku-Tester S,
1376,Platine nacharbeiten,NA-VAD04g-111,6,Baugruppe nachgearbeitet VBCS 30-20-400 HV CI,
1377,Platine nacharbeiten,NA-VAD41a-101,6,Baugruppe nachgearbeitet VBCS Displayplatine,
1378,Platine nacharbeiten,NA-VAF01c-101,6,Baugruppe nachgearbeitet Pb 1215 / 1220,
1379,Platine nacharbeiten,NA-VAI01b-101,6,Baugruppe nachgearbeitet MPPT 170 CI,
1380,Platine nacharbeiten,NA-VKA10a-102,6,Baugruppe nachgearbeitet Fernbedienung Duo-Lader,
1381,Platine nacharbeiten,NA-VKC08e-109,6,Baugruppe nachgearbeitet VAC Duo Li Steuerteil (Wietmarscher),
1382,Platine nacharbeiten,NA-VKF01d-102,6,Baugruppe nachgearbeitet Switch Unit 40,
1383,Platine nacharbeiten,NA-VKF05g-106,6,Baugruppe nachgearbeitet VAC 1250 F 3A,
1384,Platine nacharbeiten,NA-VKI06-101,6,Baugruppe nachgearbeitet Minus-Distributor 12,
1385,Platine nacharbeiten,NA-VAA09b-106,5,Baugruppe nachgearbeitet LCD Thermometer-Uhr S,
1386,Platine nacharbeiten,NA-VAA09b-108,5,Baugruppe nachgearbeitet LCD Voltmeter S,
1387,Platine nacharbeiten,NA-VAA16a-102,5,Baugruppe nachgearbeitet Equipment Adapter EQ-S,
1388,Platine nacharbeiten,NA-VAD44c-101,5,Baugruppe nachgearbeitet VBCS CI Kommunikationsplatine,
1389,Platine nacharbeiten,NA-VAF01d-110,5,Baugruppe nachgearbeitet VAC 2416 F 3A (Ziegler),
1390,Platine nacharbeiten,NA-VAH05a-101,5,Baugruppe nachgearbeitet Solar Data-Extender,
1391,Platine nacharbeiten,NA-VKC08e-102,5,Baugruppe nachgearbeitet VAC Duo Steuerteil,
1392,Platine nacharbeiten,NA-VKC08e-103,5,Baugruppe nachgearbeitet VAC 1280 2440 M/F 2A Steuerteil,
1393,Platine nacharbeiten,NA-VKH09e-101,5,Baugruppe nachgearbeitet SMI 300 Sinus NVS 12V,
1394,Platine nacharbeiten,NA-VKH09e-202,5,Baugruppe nachgearbeitet SMI 600 Sinus 12V,
1395,Platine nacharbeiten,NA-VAA09b-102,4,Baugruppe nachgearbeitet LCD State of Charge Monitor S,
1396,Platine nacharbeiten,NA-VAC10c-105,4,Baugruppe nachgearbeitet SR 350,
1397,Platine nacharbeiten,NA-VAC12a-101,4,Baugruppe nachgearbeitet Tankanzeige Frischwasser FTA5 (Comet),
1398,Platine nacharbeiten,NA-VAD04g-104,4,Baugruppe nachgearbeitet VAC 60-15-30,
1399,Platine nacharbeiten,NA-VAF01c-106,4,Baugruppe nachgearbeitet VAC 1215 / 1220 F/M 3A,
1400,Platine nacharbeiten,NA-VAF01cF-112,4,Baugruppe nachgearbeitet VAC 1230 F 3A SKII,
1401,Platine nacharbeiten,NA-VAF01d-104,4,Baugruppe nachgearbeitet Pb 2416 SMT 2B,
1402,Platine nacharbeiten,NA-VAG01e-103,4,Baugruppe nachgearbeitet VCC 1212-30 CI,
1403,Platine nacharbeiten,NA-VAG03d-103,4,Baugruppe nachgearbeitet VCC 1212-50 CI Hauptplatine,
1404,Platine nacharbeiten,NA-VAG06c-103,4,Baugruppe nachgearbeitet VAC 12V 24V max. 80A PFC (Ziegler),
1405,Platine nacharbeiten,NA-VKA02a-101,4,Baugruppe nachgearbeitet Schaltbox Zubringerpumpe (GEP),
1406,Platine nacharbeiten,NA-VKC08e-104,4,Baugruppe nachgearbeitet Pb 1280 2440 SMT 2B Steuerteil,
1407,Platine nacharbeiten,NA-VKF04b-102,4,Baugruppe nachgearbeitet LED-Tank-Display HE 420 ovale LEDs,
1408,Platine nacharbeiten,NA-VKF04b-103,4,Baugruppe nachgearbeitet LED-Tank-Display HE 010 Sonderausf. volume measurement (Cold Cut),
1409,Platine nacharbeiten,NA-VKI10k-105,4,Baugruppe nachgearbeitet DCDC VCC 2412-25,
1410,Platine nacharbeiten,NA-VAC03b-101,3,Baugruppe nachgearbeitet Elektro-Verteilung 24/5,
1411,Platine nacharbeiten,NA-VAE05d-101,3,Baugruppe nachgearbeitet Smart Shunt 100-200-400,
1412,Platine nacharbeiten,NA-VAF01c-105,3,Baugruppe nachgearbeitet Pb 1225 / 1230 SMT 2B,
1413,Platine nacharbeiten,NA-VAF01c-201,3,Baugruppe nachgearbeitet VAC 1224 16A Station,
1414,Platine nacharbeiten,NA-VAF01cF-111,3,Baugruppe nachgearbeitet VAC 1215 F 3A SKII,
1415,Platine nacharbeiten,NA-VAF01d-109,3,Baugruppe nachgearbeitet VAC 2416 M 3A,
1416,Platine nacharbeiten,NA-VAF01d-120,3,Baugruppe nachgearbeitet VAC 2416 F 2A,
1417,Platine nacharbeiten,NA-VAF07d-101,3,Baugruppe nachgearbeitet Bus-Adapter SF-CI,
1418,Platine nacharbeiten,NA-VBD08a-101,3,Baugruppe nachgearbeitet VZE Verteiler Schell,
1419,Platine nacharbeiten,NA-VKD09-101,3,Baugruppe nachgearbeitet RWS 5V digital Geber,
1420,Platine nacharbeiten,NA-VKF05g-104,3,Baugruppe nachgearbeitet VAC 1240 M 3A,
1421,Platine nacharbeiten,NA-VKF07c-40x,3,Baugruppe nachgearbeitet Masterbox VBS2 ohne Shunt mit Schalter,
1422,Platine nacharbeiten,NA-VAA10-101,2,Baugruppe nachgearbeitet SP1-FA-S abgesetzte LEDs (SpinFlow),
1423,Platine nacharbeiten,NA-VAD04g-106,2,Baugruppe nachgearbeitet MT BCB 40-40 (MT),
1424,Platine nacharbeiten,NA-VAD41a-102,2,Baugruppe nachgearbeitet MT BCB 30-30 40-40 Displayplatine (Mobile Technology),
1425,Platine nacharbeiten,NA-VAD44c-102,2,Baugruppe nachgearbeitet MT BCB CI Kommunikationsplatine (MT),
1426,Platine nacharbeiten,NA-VAF01c-107,2,Baugruppe nachgearbeitet VAC 1225 / 1230 M/F 3A,
1427,Platine nacharbeiten,NA-VAF01cF-113,2,Baugruppe nachgearbeitet VAC 2416 F 3A SKII,
1428,Platine nacharbeiten,NA-VAF01d-114,2,Baugruppe nachgearbeitet Pb 1220 SMT 2B (Audi),
1429,Platine nacharbeiten,NA-VAF05a-101,2,Baugruppe nachgearbeitet LED Remote Control S,
1430,Platine nacharbeiten,NA-VAF12a-101,2,Baugruppe nachgearbeitet WLAN-Interface,
1431,Platine nacharbeiten,NA-VAG01d-101,2,Baugruppe nachgearbeitet VCC 1212-30 / 1212-20 C,
1432,Platine nacharbeiten,NA-VAG01d-102,2,Baugruppe nachgearbeitet DCDC 1212-20,
1433,Platine nacharbeiten,NA-VBB04a-101,2,Baugruppe nachgearbeitet SmartShunt-CI,
1434,Platine nacharbeiten,NA-VBC03a-101,2,Platine nachgearbeitet LCD Energy Monitor CI,
1435,Platine nacharbeiten,NA-VBC03a-102,2,Platine nachgearbeitet LCD Charge Control CI,
1436,Platine nacharbeiten,NA-VBD01a-101,2,Baugruppe nachgearbeitet VZE Modul,
1437,Platine nacharbeiten,NA-VBD06a-103,2,Baugruppe nachgearbeitet Triton Schell Panel Front PCB,
1438,Platine nacharbeiten,NA-VIF07b-102,2,Baugruppe nachgearbeitet StandBy-Charger 24V,
1439,Platine nacharbeiten,NA-VIF9b-101-00515,2,Baugruppe nachgearbeitet TEO digital Hauptplatine (GEP),
1440,Platine nacharbeiten,NA-VKC07m-102,2,Baugruppe nachgearbeitet VAC Leistungsteil 12V 40A f. Feuerwehr,
1441,Platine nacharbeiten,NA-VKC07m-105,2,Baugruppe nachgearbeitet VAC Leistungsteil 24V 20A,
1442,Platine nacharbeiten,NA-VKE12-101,2,Baugruppe nachgearbeitet SP1 Relais-Box (SpinFlow),
1443,Platine nacharbeiten,NA-VKF05g-103,2,Baugruppe nachgearbeitet Pb 2425,
1444,Platine nacharbeiten,NA-VKF05g-109,2,Baugruppe nachgearbeitet VAC 2425 Fc 2A,
1445,Platine nacharbeiten,NA-VKF05h-107,2,Baugruppe nachgearbeitet VAC Lader 24V bis 30A,
1446,Platine nacharbeiten,NA-VKH06-101,2,Baugruppe nachgearbeitet Plus-Distributor 8,
1447,Platine nacharbeiten,NA-VKI04-101,2,Baugruppe nachgearbeitet 3PhW-24/10 A IP65 (Wöhr),
1448,Platine nacharbeiten,NA-VKI10k-103,2,Baugruppe nachgearbeitet VCC 1212-25,
1449,Platine nacharbeiten,NA-PFS01a-101,1,Baugruppe nachgearbeitet PFS V8 EMI,
1450,Platine nacharbeiten,NA-VAA06-101,1,Baugruppe nachgearbeitet VBS VE Gateway,
1451,Platine nacharbeiten,NA-VAA17-101,1,Baugruppe nachgearbeitet Dimmer Module 4,
1452,Platine nacharbeiten,NA-VAC10c-107,1,Baugruppe nachgearbeitet SR 550,
1453,Platine nacharbeiten,NA-VAE03-101,1,Baugruppe nachgearbeitet Betriebs-Fernanzeige IP67,
1454,Platine nacharbeiten,NA-VAF01c-104,1,Baugruppe nachgearbeitet Pb 2416 SMT 2B,
1455,Platine nacharbeiten,NA-VAF01c-109,1,Baugruppe nachgearbeitet VAC 2416 F/M 3A,
1456,Platine nacharbeiten,NA-VAF01c-110,1,Baugruppe nachgearbeitet VAC 2416 F 3A,
1457,Platine nacharbeiten,NA-VAF01c-203,1,Baugruppe nachgearbeitet VAC 1215 Station,
1458,Platine nacharbeiten,NA-VAG02b-101,1,Baugruppe nachgearbeitet Battery Protector 300,
1459,Platine nacharbeiten,NA-VAK04-101,1,Baugruppe nachgearbeitet SP1-FB (SpinFlow),
1460,Platine nacharbeiten,NA-VBA02a-101,1,Baugruppe nachgearbeitet Sirius IO,
1461,Platine nacharbeiten,NA-VBD02a-102,1,Baugruppe nachgearbeitet VZE-M Zentralelektrik 12V Gas,
1462,Platine nacharbeiten,NA-VBD03a-101,1,Baugruppe nachgearbeitet Clesana Power Management,
1463,Platine nacharbeiten,NA-VBD06a-101,1,Baugruppe nachgearbeitet Triton Panel Front PCB,
1464,Platine nacharbeiten,NA-VBD06a-102,1,Baugruppe nachgearbeitet Sirius Panel Front PCB,
1465,Platine nacharbeiten,NA-VBD07b-101,1,Baugruppe nachgearbeitet VZE TRITON Controller PCB,
1466,Platine nacharbeiten,NA-VBD07b-102,1,Baugruppe nachgearbeitet VZE SIRIUS Controller PCB,
1467,Platine nacharbeiten,NA-VBD07b-103,1,Baugruppe nachgearbeitet VZE TRITON Controller PCB Schell-Phönix,
1468,Platine nacharbeiten,NA-VIF8b-101,1,Baugruppe nachgearbeitet TEO Anzeige (GEP),
1469,Platine nacharbeiten,NA-VIF8b-102,1,Baugruppe nachgearbeitet TEO digital Hybrid Anzeige (GEP),
1470,Platine nacharbeiten,NA-VIF9b-102-00509,1,Baugruppe nachgearbeitet TEO digital Hybrid Hauptplatine (GEP),
1471,Platine nacharbeiten,NA-VII9a-101,1,Baugruppe nachgearbeitet Einspeise-Automatik TEA 3 (GEP),
1472,Platine nacharbeiten,NA-VKC08e-101,1,Baugruppe nachgearbeitet VAC 1260 2430 M 3A Steuerteil,
1473,Platine nacharbeiten,NA-VKE07h-101,1,Baugruppe nachgearbeitet MT 1700 SI-N (Mobile Technology),
1474,Platine nacharbeiten,NA-VKE11b-301-00124,1,Baugruppe nachgearbeitet SP1-FB-LT für Fernbedienung (SpinFlow),
1475,Platine nacharbeiten,NA-VKF05h-103,1,Baugruppe nachgearbeitet PB Lader 24V bis 30A,
1476,Platine nacharbeiten,NA-VKG02a-201,1,Baugruppe nachgearbeitet Wechselrichter 3PhW-24ALU (Wöhr),
1477,Platine nacharbeiten,NA-VKH07-101,1,Baugruppe nachgearbeitet Minus-Distributor 14,
1478,Platine nacharbeiten,NA-VKK03a-101-00442,1,Baugruppe nachgearbeitet RWS Digital Plus,
1479,Platine nacharbeiten,NA-VKK16e-101,1,Baugruppe nachgearbeitet RMC Leistungsteil (GEP),
1480,Platinen im U-Profil,MA-Lader-20-110,21,Platinen + Gehäuse verschraubt VAC 1215/30 Duo (Wietmarscher),
1481,Platinen im U-Profil,MA-Lader-20-114,6,Platinen + Gehäuse verschraubt VAC 1215/30 Duo 115V Li VAC 1220/40 Duo 115V Li (Wietmarscher),
1482,Platinen im U-Profil,MA-Lader-20-109,3,Platinen + Gehäuse verschraubt VAC 1215/30 Duo 115V (Wietmarscher),
1483,Prüfen/Programmie.,PA-VAF01d-118-00640,26,Baugruppe geprüft VAC 1215 F 2A,
1484,Prüfen/Programmie.,PA-VAF01d-201-00639,25,Baugruppe geprüft VAC 1224-16 Station,
1485,Prüfen/Programmie.,PA-VAF01d-106-00457,17,Baugruppe geprüft VAC 1220 M 3A,
1486,Prüfen/Programmie.,PA-VAF01d-119-00641,16,Baugruppe geprüft VAC 1230 F 2A,
1487,Prüfen/Programmie.,PA-VAF01d-107-00458,5,Baugruppe geprüft VAC 1225 M 3A,
1488,Prüfen/Programmie.,PA-VAF01d-120-00642,3,Baugruppe geprüft VAC 2416 F 2A,
1489,Prüfen/Programmier.,PA-VAF01d-106-00456,9,Baugruppe geprüft VAC 1215M 3A,
1490,Prüfen/Programmieren,PA-VAF01d-110-00642,5,Baugruppe geprüft VAC 2416 F 2A (Ziegler),
1491,Prüfung,UV-1250,13,"Gerät fertig montiert, geprüft LCD-Solar-Computer S",
1492,Prüfung,UV-2075,11,"Gerät fertig montiert, geprüft Fernbedienung S für Automatic Charger",
1493,Prüfung,UV-1247,10,"Gerät fertig montiert, geprüft LCD-Charge Control S",
1494,Prüfung,UV-1245,5,"Gerät fertig montiert, geprüft Duo-Akku-Tester S",
1495,Prüfung,UV-1248,4,"Gerät fertig montiert, geprüft LCD-Charge Control S-VCC",
1496,Prüfung,UV-2081,1,"Gerät fertig montiert, geprüft Betriebs-Fernanzeige IP67",
1497,Prüfung,UV-650457,1,"Gerät fertig montiert, geprüft SP1-FB Fernbedienung (SpinFlow)",
1498,Prüfung Programmieru,PA-VBC03a-101-00647,1,Baugruppe geprüft LCD Energy Monitor CI,
1499,Prüfung und Abgleich,UV-110746,4,"Gerät fertig montiert, geprüft RME Schaltbox Zubringerpumpe (GEP)",
1500,Prüfung/Programmieru,PA-VAC04d-201-00373,56,Baugruppe geprüft Tankelektrode 15-50 K,
1501,Prüfung/Programmieru,PA-3326-00579,54,Baugruppen geprüft VCC 1212-50 Haupt- und Displayplatine,
1502,Prüfung/Programmieru,PA-VAG01e-101-00619,47,Baugruppe geprüft VCC 1212-30,
1503,Prüfung/Programmieru,PA-VKE07h-201-K0002,45,Baugruppe geprüft SMI 1700 Sinus ST-NVS,
1504,Prüfung/Programmieru,PA-VAC04d-201-00372,42,Baugruppe geprüft Tankelektrode 12-24K und Tankelektrode 20 K-WC,
1505,Prüfung/Programmieru,PA-VAG06c-101-00500,37,Baugruppe geprüft VAC 12V 24V DUO max. 60A PFC,
1506,Prüfung/Programmieru,PA-VAC04d-203-00636,29,Baugruppe geprüft Tankelektrode 15-50 K T7 (Rotovia),
1507,Prüfung/Programmieru,PA-VKC07m-103,29,Baugruppe geprüft VAC Leistungsteil 12V 40A (Wietmarscher),
1508,Prüfung/Programmieru,PA-VAF02b-102-00598,28,Baugruppe geprüft VCC 1212-70 (mit BGA),
1509,Prüfung/Programmieru,PA-VAI01a-103-00593,27,Baugruppe geprüft MPP 260 CI,
1510,Prüfung/Programmieru,PA-VAI07b-101-00590,26,Baugruppe geprüft D+ Simulator Pro,
1511,Prüfung/Programmieru,PA-VAI01a-105-00594,25,Baugruppe geprüft MPP 360 CI,
1512,Prüfung/Programmieru,PA-VAC04d-204-00378,23,Baugruppe geprüft Tankelektrode 95 K-FL (Kärcher),
1513,Prüfung/Programmieru,PA-VAF01d-101-00311,23,Baugruppe geprüft Pb 1220 SMT 2B,
1514,Prüfung/Programmieru,PA-VAF02b-102-00597,23,Baugruppe geprüft VCC 1212-90 (mit BGA),
1515,Prüfung/Programmieru,PA-VKC08e-105-00477,23,Baugruppe geprüft VAC Duo Steuerteil (Wietmarscher),
1516,Prüfung/Programmieru,PA-VKC07m-202,22,Baugruppe geprüft VAC Leistungsteil 12V 20A (Wietmarscher),
1517,Prüfung/Programmieru,PA-VAA04b-101-00371,21,Baugruppe geprüft Frischwassertankanzeige S,
1518,Prüfung/Programmieru,PA-VAI01a-107-00595,21,Baugruppe geprüft MPP 440 CI,
1519,Prüfung/Programmieru,PA-VBA03a-101,21,Baugruppe geprüft StandBy-Charger Pro,
1520,Prüfung/Programmieru,PA-VKE07h-401-K0002,20,Baugruppe geprüft SMI 1700 (Frankia),
1521,Prüfung/Programmieru,PA-VKF05g-101-00323,20,Baugruppe geprüft Pb 1240 SMT 3B,
1522,Prüfung/Programmieru,PA-VKF07c-402-00404,20,Baugruppe geprüft Masterbox VBS2 mit 200A Shunt,
1523,Prüfung/Programmieru,PA-VAC04d-202-00375,19,Baugruppe geprüft Tankelektrode 30-110 K-FL,
1524,Prüfung/Programmieru,PA-VKF05g-105-00476,19,Baugruppe geprüft VAC 1260 M 3A,
1525,Prüfung/Programmieru,PA-VKC07m-101,18,Baugruppe geprüft VAC Leistungsteil 12V 40A,
1526,Prüfung/Programmieru,PA-VAA04b-102-00371,17,"Baugruppe geprüft Tankanzeige Abwasser, Fäkal S",
1527,Prüfung/Programmieru,PA-VAG01e-101-00620,17,Baugruppe geprüft VCC 1212-20 C,
1528,Prüfung/Programmieru,PA-VKC07m-201,17,Baugruppe geprüft VAC Leistungsteil 12V 20A,
1529,Prüfung/Programmieru,PA-VKD02c-101-00010,17,Baugruppe geprüft Tanksensor FW,
1530,Prüfung/Programmieru,PA-VAA09b-110-00585,16,Baugruppe geprüft LCD Batteriecomputer S,
1531,Prüfung/Programmieru,PA-VAI01b-105-00594,16,Baugruppe geprüft MPP 360 CI,
1532,Prüfung/Programmieru,PA-VKF05g-108-00236,16,Baugruppe geprüft VAC 2425 F 3A,
1533,Prüfung/Programmieru,PA-VAF01d-105-00319,15,Baugruppe geprüft Pb 1230 SMT 2B,
1534,Prüfung/Programmieru,PA-VAF01dF-111-00640,15,Baugruppe geprüft VAC 1215 F 2A SKII,
1535,Prüfung/Programmieru,PA-VKF04b-101-00009,15,Baugruppe geprüft LED-Tank-Display HE 010 ovale LEDs,
1536,Prüfung/Programmieru,PA-VKF06d-201-00591,15,Baugruppe geprüft D+ Simulator,
1537,Prüfung/Programmieru,PA-VKF07c-403-00404,15,Baugruppe geprüft Masterbox VBS2 mit 400A Shunt,
1538,Prüfung/Programmieru,PA-VKH09e-201-00607,15,Baugruppe geprüft SMI 600 Sinus -NVS 12V,
1539,Prüfung/Programmieru,PA-VAG06c-102-00510,14,Baugruppe geprüft VAC 12V 24V 110V max. 80A PFC,
1540,Prüfung/Programmieru,PA-VAG01e-102-00496,13,Baugruppe geprüft DCDC 1212-20,
1541,Prüfung/Programmieru,PA-VAA05c-101-00265,12,Baugruppe geprüft Info Panel Pro 12V,
1542,Prüfung/Programmieru,PA-VAC10c-101-00547,12,Baugruppe geprüft SR 140 Duo Digital (Sunset Solar),
1543,Prüfung/Programmieru,PA-VAF01d-101-00307,12,Baugruppe geprüft Pb 1215 SMT 2B,
1544,Prüfung/Programmieru,PA-VKF01d-101-00601,12,Baugruppe geprüft Battery Protector 40 12V,
1545,Prüfung/Programmieru,PA-VKF03g-202-K0005,12,Baugruppe geprüft SMI 1200 Sinus,
1546,Prüfung/Programmieru,PA-VAE04a-101-00638,11,Baugruppe geprüft TS-Battery Charger PFPN 1204,
1547,Prüfung/Programmieru,PA-VAF01dF-112-00641,11,Baugruppe geprüft VAC 1230 F 2A SKII,
1548,Prüfung/Programmieru,PA-VKC07m-106,11,Baugruppe geprüft VAC Leistungsteil 24V 20A f. 40A Lader u. Feuerwehr,
1549,Prüfung/Programmieru,PA-VKE11b-101-00124,11,Baugruppe geprüft SP1 (SpinFlow),
1550,Prüfung/Programmieru,PA-VKF01d-101-00602,11,Baugruppe geprüft Battery Protector 40 12V Motor,
1551,Prüfung/Programmieru,PA-VKI10k-120-00489,11,Baugruppe geprüft VCC 1212-25 IUoULi (VW),
1552,Prüfung/Programmieru,PA-VBD03b-101,10,Baugruppe geprüft Clesana Power Management LED,
1553,Prüfung/Programmieru,PA-VIF1b-101,10,Baugruppe geprüft Tanksensor FL,
1554,Prüfung/Programmieru,PA-VKF04b-101-00007,10,Baugruppe geprüft LED-Tank-Display HE 010 (Fischer + Schlingmann),
1555,Prüfung/Programmieru,PA-VAF01d-105-00315,9,Baugruppe geprüft Pb 1225 SMT 2B,
1556,Prüfung/Programmieru,PA-VAF01d-107-00459,9,Baugruppe geprüft VAC 1230 M 3A,
1557,Prüfung/Programmieru,PA-VKC07m-104,9,Baugruppe geprüft VAC Leistungsteil 12V 50A,
1558,Prüfung/Programmieru,PA-VKC08e-106-00477,9,Baugruppe geprüft VAC Duo ohne Startüberbr. Steuerteil,
1559,Prüfung/Programmieru,PA-VKE07h-202-K0002,9,Baugruppe geprüft SMI 1700 Sinus,
1560,Prüfung/Programmieru,PA-VKF03g-201-K0005,9,Baugruppe geprüft SMI 1200 Sinus NVS,
1561,Prüfung/Programmieru,PA-VAA16a-101-00261,8,Baugruppe geprüft Equipment Adapter EQ-BCI,
1562,Prüfung/Programmieru,PA-VAD03a-101-00428,8,Baugruppe geprüft Elektro-Verteilung 14/1,
1563,Prüfung/Programmieru,PA-VAF01dF-113-00642,8,Baugruppe geprüft VAC 2416 F 2A SKII,
1564,Prüfung/Programmieru,PA-VAG07b-101-00588,8,Baugruppe geprüft Bluetooth Connector S-BC,
1565,Prüfung/Programmieru,PA-VBB02a-101,8,Baugruppe geprüft Meldeausgang 12V/24V,
1566,Prüfung/Programmieru,PA-VKE11b-201-00123,8,Baugruppe geprüft SP1-FA-LT (SpinFlow),
1567,Prüfung/Programmieru,PA-VKF05h-101-00676,8,Baugruppe geprüft PB Lader 12V bis 40A,
1568,Prüfung/Programmieru,PA-VKF10-101,8,Baugruppe geprüft SMI Fernbedienung,
1569,Prüfung/Programmieru,PA-VKI10k-104-00254,8,Baugruppe geprüft DCDC 1212-45,
1570,Prüfung/Programmieru,PA-VAE04a-102-00638,7,Baugruppe geprüft TS-Battery Charger PFPN 1204Fc,
1571,Prüfung/Programmieru,PA-VAI01a-101-00592,7,Baugruppe geprüft MPP 170 CI,
1572,Prüfung/Programmieru,PA-VKF05g-102-00487,7,Baugruppe geprüft Pb 1260 SMT 3B,
1573,Prüfung/Programmieru,PA-VKF05g-107-00234,7,Baugruppe geprüft VAC 2425 M 3A,
1574,Prüfung/Programmieru,PA-VKF05h-105-00674,7,Baugruppe geprüft VAC Lader 12V 60A,
1575,Prüfung/Programmieru,PA-VAF01d-101-00136,6,Baugruppe geprüft Pb 1215 SMT 2B (T),
1576,Prüfung/Programmieru,PA-VKC08e-109-00477,6,Baugruppe geprüft VAC Duo Li Steuerteil (Wietmarscher),
1577,Prüfung/Programmieru,PA-VKF01d-101-00603,6,Baugruppe geprüft Battery Protector 40 24V,
1578,Prüfung/Programmieru,PA-VKF01d-102-00015,6,Baugruppe geprüft Switch Unit 40,
1579,Prüfung/Programmieru,PA-VKF05g-102-00486,6,Baugruppe geprüft Pb 1250 SMT 3B,
1580,Prüfung/Programmieru,PA-VKF05g-106-00207,6,Baugruppe geprüft VAC 1250 F 3A,
1581,Prüfung/Programmieru,PA-VKF05h-102-00678,6,Baugruppe geprüft PB Lader 12V 60A,
1582,Prüfung/Programmieru,PA-VKF07c-403-00403,6,Baugruppe geprüft Masterbox VBS2 mit 400A Shunt (Schell),
1583,Prüfung/Programmieru,PA-VKI10k-106-00535,6,Baugruppe geprüft VCC 2412-45 IUoULi,
1584,Prüfung/Programmieru,PA-VKI10k-108-00427,6,Baugruppe geprüft VCC 2424-25 IUoU,
1585,Prüfung/Programmieru,PA-VAA03-101-00121,5,Baugruppe geprüft SP1-FA (SpinFlow),
1586,Prüfung/Programmieru,PA-VAA04b-104-00259,5,Baugruppe geprüft Duo-Akku-Tester S,
1587,Prüfung/Programmieru,PA-VAA09b-106-00272,5,Baugruppe geprüft LCD Thermometer/Uhr S + Sensor,
1588,Prüfung/Programmieru,PA-VAA09b-108-00274,5,Baugruppe geprüft LCD Voltmeter S,
1589,Prüfung/Programmieru,PA-VAA16a-102-00262,5,Baugruppe geprüft Equipment Adapter EQ-S,
1590,Prüfung/Programmieru,PA-VAC04d-203-00493,5,Baugruppe geprüft Tankelektrode 12-24 K (Kabe),
1591,Prüfung/Programmieru,PA-VAF02b-106-00666,5,Baugruppe geprüft VCC 1212-70 CI,
1592,Prüfung/Programmieru,PA-VAF07d-101-00589,5,Baugruppe geprüft Bus Adapter SF-CI,
1593,Prüfung/Programmieru,PA-VAH05a-101-00583,5,Baugruppe geprüft Solar-Data-Extender,
1594,Prüfung/Programmieru,PA-VAI01a-101-00634,5,Baugruppe geprüft MPP 170 CI Kabe,
1595,Prüfung/Programmieru,PA-VAI01b-103-00593,5,Baugruppe geprüft MPP 260 CI,
1596,Prüfung/Programmieru,PA-VAI01b-103-00659,5,Baugruppe geprüft MPPT 260 CI,
1597,Prüfung/Programmieru,PA-VAI01b-107-00595,5,Baugruppe geprüft MPP 440 CI,
1598,Prüfung/Programmieru,PA-VKC08e-102-00477,5,Baugruppe geprüft VAC Duo Steuerteil,
1599,Prüfung/Programmieru,PA-VKC08e-103-00477,5,Baugruppe geprüft VAC 1280 2440 M/F 2A Steuerteil,
1600,Prüfung/Programmieru,PA-VKF04b-101-10007,5,"Baugruppe geprüft LED-Tank-Display HE 010 neutr Abgleich 0-5,0V LED 10% an (Fischer)",
1601,Prüfung/Programmieru,PA-VKH09e-101-00606,5,Baugruppe geprüft SMI 300 Sinus -NVS 12V,
1602,Prüfung/Programmieru,PA-VKH09e-202-00607,5,Baugruppe geprüft SMI 600 Sinus 12V,
1603,Prüfung/Programmieru,PA-VKI10k-104-00534,5,Baugruppe geprüft VCC 1212-45 IUoULi,
1604,Prüfung/Programmieru,PA-3361-00665,4,Baugruppen geprüft VCC 1212-50 CI Haupt- und Displayplatine,
1605,Prüfung/Programmieru,PA-VAC10c-105-00369,4,Baugruppe geprüft SR 350 Duo Digital,
1606,Prüfung/Programmieru,PA-VAC12a-101,4,Baugruppe geprüft Tankanzeige Frischwasser FTA5 (Comet),
1607,Prüfung/Programmieru,PA-VAF01c-201-00466,4,Baugruppe geprüft VAC 1224-16 Station,
1608,Prüfung/Programmieru,PA-VAF01cF-112-00450,4,Baugruppe geprüft VAC 1230 F 3A SKII,
1609,Prüfung/Programmieru,PA-VAF01d-104-00337,4,Baugruppe geprüft Pb 2416 SMT 2B,
1610,Prüfung/Programmieru,PA-VAG06c-103-00510,4,Baugruppe geprüft VAC 12V 24V max. 80A PFC (Ziegler),
1611,Prüfung/Programmieru,PA-VAI01b-101-00658,4,Baugruppe geprüft MPPT 170 CI,
1612,Prüfung/Programmieru,PA-VAI01b-105-00660,4,Baugruppe geprüft MPPT 360 CI,
1613,Prüfung/Programmieru,PA-VKC08e-104-00477,4,Baugruppe geprüft Pb 1280 2440 SMT 2B Steuerteil,
1614,Prüfung/Programmieru,PA-VKF04b-102-00009,4,Baugruppe geprüft LED-Tank-Display HE 420 ovale LEDs,
1615,Prüfung/Programmieru,PA-VKF04b-103-00164,4,Baugruppe geprüft LED-Tank-Display HE 010 (Cold Cut),
1616,Prüfung/Programmieru,PA-VKF05g-105-00475,4,Baugruppe geprüft VAC 1250 M 3A,
1617,Prüfung/Programmieru,PA-VAC03b-101-00429,3,Baugruppe geprüft Elektro-Verteilung 24/5,
1618,Prüfung/Programmieru,PA-VAF01c-101-00136,3,Baugruppe geprüft Pb 1215 SMT 2B (T) (Wietmarscher),
1619,Prüfung/Programmieru,PA-VAF01cF-111-00449,3,Baugruppe geprüft VAC 1215 F 3A SKII,
1620,Prüfung/Programmieru,PA-VAF12a-101-00460,3,Baugruppe geprüft WLAN-Interface VBS 2,
1621,Prüfung/Programmieru,PA-VAG01e-103-00664,3,Baugruppe geprüft VCC 1212-30 CI 3360,
1622,Prüfung/Programmieru,PA-VAI01b-101-00592,3,Baugruppe geprüft MPP 170 CI,
1623,Prüfung/Programmieru,PA-VAI01b-107-00661,3,Baugruppe geprüft MPPT 440 CI,
1624,Prüfung/Programmieru,PA-VAK03b-101-00161,3,Baugruppe geprüft VAC 2440 Fc 2A FireCan-Board,
1625,Prüfung/Programmieru,PA-VBD01a-101,3,Baugruppe geprüft VZE-Modul,
1626,Prüfung/Programmieru,PA-VKD09-101,3,Baugruppe geprüft Zisternen-Geber RWS Digital Geber 5V,
1627,Prüfung/Programmieru,PA-VKF04b-101-10009,3,"Baugruppe geprüft LED-Tank-Display HE 010 Abgleich 0-2,5V",
1628,Prüfung/Programmieru,PA-VKF05g-104-00474,3,Baugruppe geprüft VAC 1240 M 3A,
1629,Prüfung/Programmieru,PA-VKF05h-102-00677,3,Baugruppe geprüft PB Lader 12V 50A,
1630,Prüfung/Programmieru,PA-VKI10k-105-00573,3,Baugruppe geprüft DCDC 2412-25,
1631,Prüfung/Programmieru,PA-VAA10-101,2,Baugruppe geprüft SP1-FA-S (SpinFlow),
1632,Prüfung/Programmieru,PA-VAF01c-101-00307,2,Baugruppe geprüft Pb 1215 SMT 2B,
1633,Prüfung/Programmieru,PA-VAF01c-105-00315,2,Baugruppe geprüft Pb 1225 SMT 2B,
1634,Prüfung/Programmieru,PA-VAF01c-106-00449,2,Baugruppe geprüft VAC 1215 F 3A,
1635,Prüfung/Programmieru,PA-VAF01c-201-00468,2,Baugruppe geprüft VAC 2416 Station,
1636,Prüfung/Programmieru,PA-VAF01cF-113-00451,2,Baugruppe geprüft VAC 2416 F 3A SKII,
1637,Prüfung/Programmieru,PA-VAF02b-106-00667,2,Baugruppe geprüft VCC 1212-90 CI,
1638,Prüfung/Programmieru,PA-VAF05a-101,2,Baugruppe geprüft LED Remote Control S,
1639,Prüfung/Programmieru,PA-VAG01d-101-00619,2,Baugruppe geprüft VCC 1212-30,
1640,Prüfung/Programmieru,PA-VAG01d-102-00496,2,Baugruppe geprüft DCDC 1212-20,
1641,Prüfung/Programmieru,PA-VAG01e-101-00671,2,Baugruppe geprüft VCC 1212-30 NUTS,
1642,Prüfung/Programmieru,PA-VAH01a-110,2,Baugruppe geprüft Fernbedienung MT VCC 1212 (Mobile Technology),
1643,Prüfung/Programmieru,PA-VAI01b-105-00635,2,Baugruppe geprüft MPP 360 CI Kabe,
1644,Prüfung/Programmieru,PA-VAK03b-101-00163,2,Baugruppe geprüft VAC 2425 Fc 2A FireCan-Board,
1645,Prüfung/Programmieru,PA-VIF9b-101-00515,2,Baugruppe geprüft TEO digital (GEP),
1646,Prüfung/Programmieru,PA-VKC07m-102,2,Baugruppe geprüft VAC Leistungsteil 12V 40A f. Feuerwehr,
1647,Prüfung/Programmieru,PA-VKC07m-105,2,Baugruppe geprüft VAC Leistungsteil 24V 20A,
1648,Prüfung/Programmieru,PA-VKE12-101,2,Baugruppe geprüft SP1 Relais-Box (SpinFlow),
1649,Prüfung/Programmieru,PA-VKF01d-101-00604,2,Baugruppe geprüft Battery Protector 40 24V Motor,
1650,Prüfung/Programmieru,PA-VKF05g-103-00341,2,Baugruppe geprüft Pb 2425 SMT 3B,
1651,Prüfung/Programmieru,PA-VKF05g-109-00238,2,Baugruppe geprüft VAC 2425 Fc 2A,
1652,Prüfung/Programmieru,PA-VKI04-101-00149,2,Baugruppe geprüft Wechselrichter 3PhW-24/10 (Wöhr),
1653,Prüfung/Programmieru,PA-VKI10k-103-00489,2,Baugruppe geprüft VCC 1212-25 IUoULi,
1654,Prüfung/Programmieru,PA-VKI10k-105-00490,2,Baugruppe geprüft VCC 2412-25 IUoULi,
1655,Prüfung/Programmieru,PA-VKI10k-106-00423,2,Baugruppe geprüft VCC 2412-45 Li,
1656,Prüfung/Programmieru,PA-VKI10k-119-00255,2,Baugruppe geprüft DCDC 1224-25,
1657,Prüfung/Programmieru,PA-VKI10k-119-00419,2,Baugruppe geprüft VCC 1224-25 IUoU,
1658,Prüfung/Programmieru,PA-VKI10k-119-00621,2,Baugruppe geprüft VCC 1224-7 IUoU,
1659,Prüfung/Programmieru,PA-VAA03-101-00520,1,Baugruppe geprüft SP1-FA Programm 02 (SpinFlow),
1660,Prüfung/Programmieru,PA-VAA04b-104-10259,1,Baugruppe geprüft Duo-Akku-Tester S 24V (Rheinland),
1661,Prüfung/Programmieru,PA-VAA06-101-00398,1,Baugruppe geprüft RS232 Interface VBS2 MultiPlus,
1662,Prüfung/Programmieru,PA-VAA17-101-00392,1,Baugruppe geprüft Dimmer Module 4,
1663,Prüfung/Programmieru,PA-VAC10c-101-00365,1,Baugruppe geprüft SR 150 Duo Digital,
1664,Prüfung/Programmieru,PA-VAC10c-107-00370,1,Baugruppe geprüft SR 550 Duo Digital,
1665,Prüfung/Programmieru,PA-VAF01c-101-00311,1,Baugruppe geprüft Pb 1220 SMT 2B,
1666,Prüfung/Programmieru,PA-VAF01c-104-00337,1,Baugruppe geprüft Pb 2416 SMT 2B,
1667,Prüfung/Programmieru,PA-VAF01c-105-00319,1,Baugruppe geprüft Pb 1230 SMT 2B,
1668,Prüfung/Programmieru,PA-VAF01c-106-00456,1,Baugruppe geprüft VAC 1215 M 3A,
1669,Prüfung/Programmieru,PA-VAF01c-106-00457,1,Baugruppe geprüft VAC 1220 M 3A,
1670,Prüfung/Programmieru,PA-VAF01c-107-00450,1,Baugruppe geprüft VAC 1230 F 3A,
1671,Prüfung/Programmieru,PA-VAF01c-107-00459,1,Baugruppe geprüft VAC 1230 M 3A,
1672,Prüfung/Programmieru,PA-VAF01c-109-00448,1,Baugruppe geprüft VAC 2416 M 3A,
1673,Prüfung/Programmieru,PA-VAF01c-110-00451,1,Baugruppe geprüft VAC 2416 F 3A (Ziegler),
1674,Prüfung/Programmieru,PA-VAF01c-203-00469,1,Baugruppe geprüft VAC 1215 Station,
1675,Prüfung/Programmieru,PA-VAF07d-101-00682,1,Baugruppe geprüft Bus Adapter SF-CI 999200085,
1676,Prüfung/Programmieru,PA-VAG01e-101-00608,1,Baugruppe geprüft VCC 1212-30 Car-Electric 2,
1677,Prüfung/Programmieru,PA-VAG02b-101-00599,1,Baugruppe geprüft Battery Protector 300,
1678,Prüfung/Programmieru,PA-VAI01a-105-00635,1,Baugruppe geprüft MPP 360 CI Kabe,
1679,Prüfung/Programmieru,PA-VBA02a-101-00651,1,Baugruppe geprüft Sirius IO,
1680,Prüfung/Programmieru,PA-VBD03a-101,1,Baugruppe geprüft Clesana Power Management,
1681,Prüfung/Programmieru,PA-VIF8B-102,1,Baugruppe geprüft TEO digital Hybrid (GEP),
1682,Prüfung/Programmieru,PA-VIF8b-103,1,Baugruppe geprüft TEO digital (GEP),
1683,Prüfung/Programmieru,PA-VIF9b-102-00509,1,Baugruppe geprüft TEO digital Hybrid (GEP),
1684,Prüfung/Programmieru,PA-VKC08e-101-00477,1,Baugruppe geprüft VAC 1260 2430 M 3A Steuerteil,
1685,Prüfung/Programmieru,PA-VKE07h-101-K0001,1,Baugruppe geprüft MT 1700 SI-N (MT),
1686,Prüfung/Programmieru,PA-VKE11b-301-00124,1,Baugruppe geprüft SP1-FB-LT für Fernbedienung (SpinFlow),
1687,Prüfung/Programmieru,PA-VKF05h-101-00323,1,Baugruppe geprüft PB Lader 12V bis 40A,
1688,Prüfung/Programmieru,PA-VKF05h-103-00679,1,Baugruppe geprüft PB Lader 2425 SMT 3B,
1689,Prüfung/Programmieru,PA-VKF05h-107-00234,1,Baugruppe geprüft VAC Lader 24V bis 30A,
1690,Prüfung/Programmieru,PA-VKF05h-107-00675,1,Baugruppe geprüft VAC Lader 24V M3A,
1691,Prüfung/Programmieru,PA-VKG02a-201-00150,1,Baugruppe geprüft Wechselrichter 3PhW-24ALU (Wöhr),
1692,Prüfung/Programmieru,PA-VKI10k-104-00416,1,Baugruppe geprüft VCC 1212-45 Li,
1693,Prüfung/Programmieru,PA-VKI10k-119-00420,1,Baugruppe geprüft VCC 1224-25 Li,
1694,Prüfung/Programmieru,PA-VKK03a-101-00442,1,Baugruppe geprüft RWS Digital plus,
1695,SMD Bestückung,BS-VAG01e-C,3,SMD-Baugruppe Ladewandler VCC 1212-30 CI,
1696,SMD Bestückung,BS-VBD06a-C,3,SMD-Baugruppe Anzeigen Triton Panel Front PCB (Schell),
1697,SMD Bestückung,BS-VBD08a-A,3,SMD-Baugruppe VZE Verteiler Schell,
1698,SMD Bestückung,BS-VBD06a-A,2,SMD-Baugruppe Anzeigen Triton Panel Front PCB,
1699,SMD Bestückung,BS-VBD07b-XC,2,SMD-Baugruppe Anzeigen VZE TRITON Controller PCB Schell-Phönix,
1700,SMD Bestückung,BS-VBD02a-B,1,SMD-Baugruppe Elektroverteilung VZE-M,
1701,SMD Bestückung,BS-VBD02a-P3-A,1,SMD-Baugruppe Elektroverteilung VZE-M Prototyp,
1702,SMD Bestückung,BS-VBD03b-XA,1,SMD-Baugruppe Ladegeräte Clesana Power Management LED,
1703,SMD Bestückung,BS-VBD06a-B,1,SMD-Baugruppe Anzeigen Sirius Panel Front PCB,
1704,SMD Bestückung,BS-VBD06a-XB,1,SMD-Baugruppe Anzeigen Sirius Panel Front PCB,
1705,SMD Bestückung,BS-VBD06a-XC,1,SMD-Baugruppe Anzeigen Triton Schell Panel Front PCB,
1706,SMD Bestückung,BS-VBD07a-XC,1,SMD-Baugruppe Anzeigen Triton Controller (Schell),
1707,SMD Bestückung,BS-VBD07a-XD,1,SMD-Baugruppe Anzeigen Sirius-Triton-Vollbestückung,
1708,SMD Bestückung,BS-VBD07b-XA,1,SMD-Baugruppe Anzeigen VZE TRITON Controller PCB,
1709,SMD Bestückung,BS-VBD07b-XB,1,SMD-Baugruppe Anzeigen VZE SIRIUS Controller PCB,
1710,SMD Bestückung,BS-VBD08a-P1-A,1,SMD-Baugruppe VZE Verteiler Schell,
1711,SMD Bestückung,BS-VBD08a-P2-A,1,SMD-Baugruppe VZE Verteiler Schell,
1712,Schlauch ablängen,10-0392m,42,"Schlauch PTFE zugeschnitten D=3,8 d=3,2 s=0,3mm Länge=510mm, 30° schräg natur",
1713,Schlauch ablängen,10-0392j,25,"Schlauch PTFE zugeschnitten D=3,8 d=3,2 s=0,3mm Länge=255mm, 30° schräg natur",
1714,Schlauch ablängen,10-0392o,24,"Schlauch PTFE zugeschnitten D=3,8 d=3,2 s=0,3mm Länge=342mm, 30° schräg natur",
1715,Schlauch ablängen,10-0392p,7,"Schlauch PTFE zugeschnitten D=3,8 d=3,2 s=0,3mm Länge=765mm, 30° schräg natur",
1716,Schlauch ablängen,10-0392k,6,"Schlauch PTFE zugeschnitten D=3,8 d=3,2 s=0,3mm Länge=280mm, 30° schräg natur",
1717,Schlauch ablängen,10-0392n,2,"Schlauch PTFE zugeschnitten D=3,8 d=3,2 s=0,3mm Länge=555mm, 30° schräg natur",
1718,Schlauch ablängen,10-0392t,2,"Schlauch PTFE zugeschnitten D=3,8 d=3,2 s=0,3mm Länge=720mm, 30° schräg natur",
1719,Schlauch ablängen,10-0392q,1,"Schlauch PTFE zugeschnitten D=3,8 d=3,2 s=0,3mm Länge=189mm, 30° schräg natur",
1720,Schlauch ablängen,10-0392r,1,"Schlauch PTFE zugeschnitten D=3,8 d=3,2 s=0,3mm Länge=580mm, 30° schräg natur",
1721,Schlauch ablängen,10-0392s,1,"Schlauch PTFE zugeschnitten D=3,8 d=3,2 s=0,3mm Länge=373mm, 30° schräg natur",
1722,Set zerlegen,11-1177-OT,12,Gehäuse EM215 OT Gehäuse lichtgrau 120x80x57mm,
1723,Set zerlegen,11-1177-UT,11,GehäuseUT m. Schraub. einzeln Kunststoffgehäuse 120x80x57mm,
1724,Set zerlegen,11-0850-OT,9,Gehäusedeckel einzeln Spelsberg A-Box 025 AB,
1725,Set zerlegen,11-0850-UT,9,GehäuseUT m. Schraub. einzeln Spelsberg A-Box 025 AB,
1726,Set zerlegen,11-0177-SC,6,Schraube M4x24mm Kreuzschlitz aus 11-0177,
1727,Set zerlegen,11-0177-OT,5,Gehäusedeckel einzeln aus 11-0177 Tank Sensor FW Druckbild 0007a,
1728,Set zerlegen,11-0177-UT,5,Gehäuseunterteil einzeln 3xPG7 Kabelverschraubungen aus 11-0177,
1729,Set zerlegen,11-0224-OT,4,Kunststoffgehäuse KG200 OT Modul-Gehäuse mit Lasche grau,
1730,Set zerlegen,11-0224-UT,3,Grundplatte einzeln Modul-Gehäuse mit Lasche grau,
1731,Set zerlegen,11-0495-OT,3,Gehäuse MG4 OT,
1732,Set zerlegen,11-0495-UT,3,Gehäuse MG4 UT,
1733,Set zerlegen,11-0786-OT,2,Gehäuseoberteil einzeln Alu-Gehäuse 125x80x57mm mit Dichtung,
1734,Set zerlegen,11-0786-UT,2,Gehäuseunterteil einzeln Alu-Gehäuse 125x80x57mm mit 4 Schrauben M4x25mm,
1735,Sichtkontrolle des G,UV-3328,33,"Gerät fertig montiert, geprüft VCC 1212-70",
1736,Sichtkontrolle des G,UV-3329,28,"Gerät fertig montiert, geprüft VCC 1212-90",
1737,Sichtkontrolle des G,UV-055103306,13,"Gerät fertig montiert, geprüft VCC 1212-25 IUoU-Li (VW)",
1738,Sichtkontrolle des G,UV-3336,8,"Gerät fertig montiert, geprüft DCDC 1212-45",
1739,Sichtkontrolle des G,UV-3303,6,"Gerät fertig montiert, geprüft VCC 2424-25 IUoU",
1740,Sichtkontrolle des G,UV-3305,6,"Gerät fertig montiert, geprüft VCC 2412-45 IUoU-Li",
1741,Sichtkontrolle des G,UV-3351,5,"Gerät fertig montiert, geprüft VCC 1212-45 IUoU-Li",
1742,Sichtkontrolle des G,UV-3362,5,"Gerät fertig montiert, geprüft VCC 1212-70 CI",
1743,Sichtkontrolle des G,UV-3342,3,"Gerät fertig montiert, geprüft DCDC 2412-25",
1744,Sichtkontrolle des G,UV-109103343,2,"Gerät fertig montiert, geprüft VCC 1224-7 IUoU",
1745,Sichtkontrolle des G,UV-3304,2,"Gerät fertig montiert, geprüft VCC 2412-25 IUoULi",
1746,Sichtkontrolle des G,UV-3320,2,"Gerät fertig montiert, geprüft VCC 2412-45 Li",
1747,Sichtkontrolle des G,UV-3341,2,"Gerät fertig montiert, geprüft DCDC 1224-25",
1748,Sichtkontrolle des G,UV-3343,2,"Gerät fertig montiert, geprüft VCC 1224-25 IUoU",
1749,Sichtkontrolle des G,UV-3350,2,"Gerät fertig montiert, geprüft VCC 1212-25 IUoU-Li",
1750,Sichtkontrolle des G,UV-3363,2,"Gerät fertig montiert, geprüft VCC 1212-90 CI",
1751,Sichtkontrolle des G,3353,1,VCC 1224-25 Li Lade-Wandler,
1752,Sichtkontrolle des G,UV-110930,1,"Gerät fertig montiert, geprüft Einspeise-Automatik TEA 3 (GEP)",
1753,Sichtkontrolle des G,UV-3318,1,"Gerät fertig montiert, geprüft VCC 2424-25 Li",
1754,Sichtkontrolle des G,UV-3338,1,"Gerät fertig montiert, geprüft DCDC 2412-45",
1755,Sichtkontrolle des G,UV-3352,1,"Gerät fertig montiert, geprüft VCC 1212-45 Li",
1756,Sichtkontrolle des G,UV-3353,1,"Gerät fertig montiert, geprüft VCC 1224-25 LI",
1757,"Sichtkontrolle, Endp",UV-3067,28,"Gerät fertig montiert, geprüft D+ Simulator Pro",
1758,Silpad ablängen,13-0074b,1,SIL-PAD 25x85mm rosa Typ KU-CG20/AV/R,
1759,Silpad aufkleben,KK-S506-100-BA,63,Kühlkörper S506 100mm mit SIL ohne Schrauben,
1760,Steuerteil an Frontp,MA-Lader-14-118,24,Steuerteil + Frontpl. montiert VAC 1215/30  Duo (Wietmarscher),
1761,Steuerteil an Frontp,MA-Lader-14-101,22,Steuerteil montiert VAC 1220/40 Duo ohne Startüberbrückung,
1762,Steuerteil an Frontp,MA-Lader-14-105,16,Steuerteil u. Frontplatte mont VAC 1215 Duo,
1763,Steuerteil an Frontp,MA-Lader-14-104,14,Steuerteil u. Frontplatte mont VAC 2440 F 2A,
1764,Steuerteil an Frontp,MA-Lader-14-124,12,Steuerteil u. Frontplatte mont Pb 1280 SMT Li,
1765,Steuerteil an Frontp,MA-Lader-14-106,10,Steuerteil u. Frontplatte mont VAC 1220 Duo,
1766,Steuerteil an Frontp,MA-Lader-14-102,8,Steuerteil montiert VAC 1225/50 Duo ohne Startüberbrückung,
1767,Steuerteil an Frontp,MA-Lader-14-113,7,Steuerteil an Frontpl montiert VAC 2440 F 2A,
1768,Steuerteil an Frontp,MA-Lader-14-103,6,Steuerteil u. Frontplatte mont VAC 2440 M 2A,
1769,Steuerteil an Frontp,MA-Lader-14-107,6,Steuerteil u. Frontplatte mont Pb 1280 SMT,
1770,Steuerteil an Frontp,MA-Lader-14-112,6,Steuerteil an Frontpl montiert VAC 1280 F 3A,
1771,Steuerteil an Frontp,MA-Lader-14-108,5,Steuerteil an Frontpl montiert Pb 2440 SMT 2B,
1772,Steuerteil an Frontp,MA-Lader-14-111,2,Steuerteil an Frontpl montiert VAC 2430 M 3A 110-230V,
1773,Steuerteil an Frontp,MA-Lader-14-110,1,Steuerteil an Frontpl montiert VAC 1280 M 2A,
1774,THT Bestückung,BK-VAF01d-A-21,26,THT-Baugruppe Kleinlader VAC 1215  F 2A,
1775,THT Bestückung,BK-VAF01d-B-22,18,THT-Baugruppe Kleinlader VAC 1230 F 2A,
1776,THT Bestückung,BK-VBB02a-A-01,7,THT-Baugruppe Meldeausgang 12V/24V Lader,
1777,THT Bestückung,BK-VAF01d-C-23,3,THT-Baugruppe Kleinlader VAC 2416 F 2A,
1778,THT-Bestückung,BK-VBB04a-XA-01,2,THT-Baugruppe SmartShunt-CI,
1779,Teil  bearbeiten,11-0871,5,Frontplatte Spinflow SP1-FA gesenkt MZ-SpinFlow-3a,
1780,Teilmontage,MA-017203098-1,2,Baugruppe montiert MT BCB 40-40 CI (Mobile Technology),
1781,Verbindung auf Plati,NA-999103324,12,Baugruppe nachgearbeitet VCC 1212-30 ohne Rückladung,
1782,Verpacken,3324,46,VCC 1212-30 Lade-Wandler,3324
1783,Verpacken,5543,43,Tankelektrode 12-24 K nach DIN2001-2 für Trinkwasser geeignet,5543
1784,Verpacken,3326,39,VCC 1212-50 Lade-Wandler,3326
1785,Verpacken,131101717,37,MPP 260 CI (HYMER) Solar-Regler,1717
1786,Verpacken,1717,36,MPP 260 CI Solar-Regler,1717
1787,Verpacken,2151,36,RCBO Typ 1P+N Fehlerstromschutzeinrichtung,2151
1788,Verpacken,5545,36,Tankelektrode 15-50 K nach DIN2001-2 für Trinkwasser geeignet,5545
1789,Verpacken,3063,35,StandBy Charger Pro,3063
1790,Verpacken,3328,35,VCC 1212-70 Lade-Wandler,3328
1791,Verpacken,2001,34,Temperatur-Sensor 825 für Schraubbolzen M8,2001
1792,Verpacken,3184,34,SMI 1700 Sinus ST-NVS MobilPOWER Inverter,3184
1793,Verpacken,1730,33,MPP 440 CI Solar-Regler,1730
1794,Verpacken,462007,33,EBL Anschluss-Kabelsatz für Solar-Regler,2007
1795,Verpacken,2007,32,EBL Anschluss-Kabelsatz für Solar-Regler,2007
1796,Verpacken,3065,29,StandBy Charger 12V,3065
1797,Verpacken,131101722,28,MPP 360 CI (HYMER) Solar-Regler,1722
1798,Verpacken,139505545,27,Tankelektrode 15-50 K T7,5545
1799,Verpacken,1722,27,MPP 360 CI Solar-Regler,1722
1800,Verpacken,3067,27,D+ Simulator Pro,3067
1801,Verpacken,3329,27,VCC 1212-90 Lade-Wandler,3329
1802,Verpacken,5311,27,Frischwassertankanzeige S,5311
1803,Verpacken,0430,26,VAC 1260 M 3A Automatic Charger,0430
1804,Verpacken,3101,26,Pb 1220 SMT 2B Automatic Charger,3101
1805,Verpacken,3124,26,Pb 1240 SMT 3B Automatic Charger,3124
1806,Verpacken,0463,25,VAC 1215 F 2A Automatic Charger DIN 14679:2024-02,0463
1807,Verpacken,2088,25,Temperatur-Sensor 625 für Schraubbolzen M6,2088
1808,Verpacken,999303324,23,VCC 1212-30 Lade-Wandler,3324
1809,Verpacken,BP-001,23,Beipack-Beutel 4x Spax 3x12 Senkkopf,
1810,Verpacken,157103184,22,SMI 1700 Sinus ST-NVS FRANKIA MobilPOWER Inverter,3184
1811,Verpacken,5551,21,Tankelektrode 30-110 K-FL nach DIN2001-2 für Trinkwasser geeignet,5551
1812,Verpacken,670628T,21,VAC 1215/30 Duo (T) Automatic Charger,0628
1813,Verpacken,3321,20,VCC 1212-20 C Lade-Wandler,3321
1814,Verpacken,3335,20,DCDC 1212-20 DC/DC-Wandler,3335
1815,Verpacken,0406,19,VAC 1220 M 3A Automatic Charger,0406
1816,Verpacken,055203078,19,Battery Protector 100,3078
1817,Verpacken,0664,19,VAC 45-10/25 Triple CI Battery Charger,0664
1818,Verpacken,144103326,19,VCC 1212-50 Sonderausführung BOTT,3326
1819,Verpacken,2203,19,Hochleistungs-Trennrelais 12V/140-200A,2203
1820,Verpacken,0464,18,VAC 1230 F 2A Automatic Charger DIN 14679:2024-02,0464
1821,Verpacken,0483,18,VAC 1215 F 2A II Automatic Charger DIN 14679:2024-02,0483
1822,Verpacken,0496,18,VAC 2425 F 3A Automatic Charger,0496
1823,Verpacken,1266,18,LCD-Batterie-Computer 200 S mit Smart-Shunt 200A,1266
1824,Verpacken,158201003,18,Clesana Power-Management LED,1003
1825,Verpacken,3242,18,VBCS 30/20/250 Triple CI Battery Charger,3242
1826,Verpacken,3246,18,VBCS 60/40/430 Triple CI Battery Charger,3246
1827,Verpacken,0524,17,VAC 1224-16 Station mit SK Automatic Charger DIN 14679:2024-0,0524
1828,Verpacken,1288,17,Schalter-Panel 4 S  12/24,1288
1829,Verpacken,1712,17,MPP 170 CI Solar-Regler,1712
1830,Verpacken,5547,17,Tankelektrode 15-50 K 80 AMP nach DIN2001-2 für Trinkwasser geeignet,5547
1831,Verpacken,3114,16,Pb 1230 SMT 2B Automatic Charger,3114
1832,Verpacken,5313,16,Abwassertankanzeige S,5313
1833,Verpacken,5748,16,VPC Jupiter 200,5748
1834,Verpacken,0625,15,VAC 1215/15 Duo NSF Automatic Charger,0625
1835,Verpacken,3066,15,D+ Simulator,3066
1836,Verpacken,3126,15,Pb 1260 SMT 3B Automatic Charger,3126
1837,Verpacken,0256,14,Tank Sensor FW 120,0256
1838,Verpacken,057505545,14,Tankelektrode 95 K-FL KÄRCHER mit AMP Super-Seal-Stecker und Cable-Cover,5545
1839,Verpacken,2085,14,Innen-Temperatur-Sensor,2085
1840,Verpacken,2216,14,Hochlast-Sich.halter 5-fach mit Deckel,2216
1841,Verpacken,2257,14,Hochlast-Sicherung 200 A,2257
1842,Verpacken,2259,14,Hochlast-Sicherung 250 A,2259
1843,Verpacken,3100,14,Pb 1215 SMT 2B Automatic Charger,3100
1844,Verpacken,3158,14,SMI 600 Sinus-NVS MobilPOWER Inverter,3158
1845,Verpacken,999103324,14,VCC 1212-30 SONDER Lade-Wandler ohne Rückladung,3324
1846,Verpacken,0242,13,LED Tank Display HE 010,0242
1847,Verpacken,0498,13,VAC 2440 F 2A Automatic Charger,0498
1848,Verpacken,0534,13,VAC 1224-16 Station mit ÖK Automatic Charger DIN 14679:2024-02,0534
1849,Verpacken,055103306,13,Lade-Wand. VCC 1212-25 IUoU-Li ohne Temperatur-Sensor 2001,3306
1850,Verpacken,1250,13,LCD-Solar-Computer S,1250
1851,Verpacken,1269,13,LCD-Batterie-Computer 400 S mit Smart-Shunt 400A,1269
1852,Verpacken,1430,13,Bluetooth® Connector S-BC inkl. Energy Monitor App,1430
1853,Verpacken,2242,13,Sicherungshalter für Streifensicherung,2242
1854,Verpacken,3289,13,Pb 1280 SMT Li Automatic Charger,3289
1855,Verpacken,5806,13,Smart Shunt CI 400 A,5806
1856,Verpacken,0052,12,Master Box VBS 2-200 mit Smart-Shunt 200A,0052
1857,Verpacken,055103078,12,Battery Protector 100,3078
1858,Verpacken,0626,12,VAC 1215/15 Duo Automatic Charger,0626
1859,Verpacken,0695,12,PFPN 1204 DIN14679:2024-02 TS-Battery Charger,0695
1860,Verpacken,1295,12,Hauptschalter-Panel 20A,1295
1861,Verpacken,2152,12,RCBO 16-30 Fehlerstromschutzeinrichtung,2152
1862,Verpacken,3075,12,Battery Protector 40,3075
1863,Verpacken,3177,12,SMI 1200 Sinus ST MobilPOWER Inverter,3177
1864,Verpacken,3203,12,Plus-Distributor 6,3203
1865,Verpacken,3244,12,VBCS 45/30/350 Triple CI Battery Charger,3244
1866,Verpacken,5330,12,Info Panel Pro,5330
1867,Verpacken,BP-006,12,"Beipack-Beutel 4x Blechschr. 2,9x9,5 Linsenkopf schwarz",
1868,Verpacken,BP-013,12,"Beipack-Beutel Schraube M5x20 Flachkopf U-Scheibe M5, Gummidübel Ringkabelschuh M5",
1869,Verpacken,BP-039,12,Beipack-Beutel 2x Kreuzschlitzschr. M6x8mm,
1870,Verpacken,0258,11,Tank Sensor FW 240,0258
1871,Verpacken,109105771,11,Titan VBS 2 (bimobil) Anzeige- und Steuerpanel,5771
1872,Verpacken,154103184,11,"1700 Sinus ST-NVS ""La Strada"" MobilPOWER Inverter SMI",3184
1873,Verpacken,2075,11,Fernbedienung S für Automatic Charger,2075
1874,Verpacken,2223,11,Schraubsicherung 60 A,2223
1875,Verpacken,3073,11,Battery Protector 40 Motor,3073
1876,Verpacken,3102,11,Pb 1225 SMT 2B Automatic Charger,3102
1877,Verpacken,5530,11,Tank Sensor FL,5530
1878,Verpacken,5741,11,VPC Terra,5741
1879,Verpacken,650451,11,SP1 Steuerung,0451
1880,Verpacken,BP-020,11,"Beipack-Beutel Kabelverschr. + Mutter PG7 2 Gummid., 2 Schrauben M5x20 M5x30, U.-Scheibe, Kabelschuh",
1881,Verpacken,0042,10,EQ-BCI Equipment Adapter,0042
1882,Verpacken,0054,10,Master Box VBS 2-400 mit Smart-Shunt 400A,0054
1883,Verpacken,0404,10,VAC 1215 M 3A Automatic Charger,0404
1884,Verpacken,0410,10,VAC 1230 M 3A Automatic Charger,0410
1885,Verpacken,0459,10,VAC 2425 M 3A Automatic Charger,0459
1886,Verpacken,0631,10,VAC 1220/30 Duo Automatic Charger,0631
1887,Verpacken,0648,10,VAC 1225/50 Duo Automatic Charger,0648
1888,Verpacken,110103184,10,"1700 Sinus ST-NVS ""CS"" MobilPOWER Inverter SMI",3184
1889,Verpacken,1247,10,LCD-Charge Control S,1247
1890,Verpacken,130101611,10,Regulator Solar Panel 50W-110W SR140 Sunset Solar,1611
1891,Verpacken,2033,10,Modular-Kabel 8-pol. 3 mtr.,2033
1892,Verpacken,2213,10,Kabel-Sicherungshalter IP56,2213
1893,Verpacken,2251,10,Hochlast-Sicherungshalter mit Deckel,2251
1894,Verpacken,3125,10,Pb 1250 SMT 3B Automatic Charger,3125
1895,Verpacken,3183,10,SMI 1700 Sinus ST MobilPOWER Inverter,3183
1896,Verpacken,0484,9,VAC 1230 F 2A II Automatic Charger DIN 14679:2024-02,0484
1897,Verpacken,057405545,9,Tankelektrode 95 K-FL KÄRCHER mit Steckverteiler,5545
1898,Verpacken,109100052,9,Master Box VBS 2-200 (bimobil) mit 200A-Shunt,0052
1899,Verpacken,111102136,9,Verlängerungskabel Tanksonde (Schell),2136
1900,Verpacken,111105814,9,Zentralelektrik VZE-XL(Schell),5814
1901,Verpacken,114205771,9,Titan VBS 2 (ROBEL 3 Tanks) Anzeige- und Steuerpanel,5771
1902,Verpacken,2072,9,Switch Unit 100,2072
1903,Verpacken,2202,9,Umschalt-Relais 12V/60 A,2202
1904,Verpacken,2221,9,Schraubsicherung 40 A,2221
1905,Verpacken,3078,9,Battery Protector 100,3078
1906,Verpacken,3178,9,SMI 1200 Sinus ST-NVS MobilPOWER Inverter,3178
1907,Verpacken,3336,9,DCDC 1212-45 DC/DC-Wandler,3336
1908,Verpacken,670634T,9,VAC 1230/30 Duo (T) Automatic Charger,0634
1909,Verpacken,0090,8,ELV 14/1 Elektro-Verteilung,0090
1910,Verpacken,067103100T,8,Pb 1215 SMT 2B (T) Automatic Charger,3100
1911,Verpacken,067200659,8,VAC 1220/40 Duo Li (T) Automatic Charger,0659
1912,Verpacken,102300242,8,LED Tank Display HE 010 Sonderausführung,0242
1913,Verpacken,2065,8,Control Unit,2065
1914,Verpacken,2067,8,Zusatz-Fernbedienung SMI für Sinus-Inverter,2067
1915,Verpacken,2218,8,Hochlast-Sicherungshalter mit Deckel,2218
1916,Verpacken,2323,8,Ladestecker nach DIN 14690,2323
1917,Verpacken,3272,8,VBCS 60/40/800 Triple HV CI Battery Charger,3272
1918,Verpacken,5315,8,Fäkaltankanzeige S,5315
1919,Verpacken,5793,8,Smart Shunt 400 A inkl. Masseband 75 mm²,5793
1920,Verpacken,650453,8,SP1-FA-LT Leistungsteil Füllstandanzeige,0453
1921,Verpacken,650454,8,SP1-FA Füllstandsanzeige,0454
1922,Verpacken,0482,7,VAC 1250 F 3A Automatic Charger,0482
1923,Verpacken,0498c,7,VAC 2440 Fc 2A FireCAN Automatic Charger,
1924,Verpacken,0628,7,VAC 1215/30 Duo NSF Automatic Charger,0628
1925,Verpacken,0696,7,PFPN 1204 Fc DIN14679:2024-02 TS-Battery Charger,0696
1926,Verpacken,110105771,7,Titan VBS 2 (CS) Anzeige- und Steuerpanel,5771
1927,Verpacken,111100054,7,Master Box VBS 2-400 (Schell) mit 400A-Shunt,0054
1928,Verpacken,125103272,7,VBCS 60/40/430 Triple HV CI Battery Charger KABE,3272
1929,Verpacken,1289,7,Schalter-Panel 16 A S,1289
1930,Verpacken,1291,7,Schalter-Panel 2 x 16 A S,1291
1931,Verpacken,139305545,7,Tankelektrode 15-50 K Promens Frischwasser,5545
1932,Verpacken,139405545,7,Tankelektrode 15-50 K Promens Abwasser,5545
1933,Verpacken,150100242,7,LED Tank Display HE 010 Müller Umwelt,0242
1934,Verpacken,2112,7,Piktogramm-Folie schwarz,2112
1935,Verpacken,2135,7,Zuleitung AMP4WE3 5m lang,2135
1936,Verpacken,2219,7,Schraubsicherung 30 A,2219
1937,Verpacken,2226,7,Schraubsicherung 100 A,2226
1938,Verpacken,5749,7,VPC Jupiter 400,5749
1939,Verpacken,6075,7,Battery Protector 40/24,6075
1940,Verpacken,BP-005,7,"Beipack-Beutel 4x Spax 3x12 Senkkopf 2x Flachst.hülse 6,3x0,8 blau",
1941,Verpacken,BP-010,7,"Beipack-Beutel 4x Spax 3x12 Senkkopf Flachsteckhülse 6,3x0,8 blau 2x Flachst.hülse 6,3x0,8 gelb",
1942,Verpacken,BP-019,7,Beipack-Beutel 4x Spax 3x12 Senkkopf schwarz,
1943,Verpacken,BP-024,7,"Beipack-Beutel 2 Flachsteckhülse 6,3x0,8 blau",
1944,Verpacken,0085,6,"Bus Adapter SF/CI inkl. Modularkabel 6pol. 0,5 m",0085
1945,Verpacken,0244,6,LED Tank Display HE 420,0244
1946,Verpacken,0467,6,VAC 2440 M 2A Automatic Charger,0467
1947,Verpacken,0487,6,VAC 1280 F 2A Automatic Charger,0487
1948,Verpacken,111100091,6,ELV 24/5 (Schell) Elektro-Verteilung,0091
1949,Verpacken,116103242,6,VBCS 30/20/250 Triple (Tischer Battery Charger,3242
1950,Verpacken,125101712,6,MPP 170 CI Kabe Solar-Regler,1712
1951,Verpacken,125105545,6,Tankelektrode 15-50 K Kabe,5545
1952,Verpacken,147101730,6,MPP 440 CI WESTFALIA Solar-Regler,1730
1953,Verpacken,1723,6,MPPT 360 CI Solar-Regler,1723
1954,Verpacken,1731,6,MPPT 440 CI Solar-Regler,1731
1955,Verpacken,2029,6,"Modular-Kabel 8-pol. 0,5 mtr.",2029
1956,Verpacken,2031,6,Modular-Kabel 8-pol. 1 mtr.,2031
1957,Verpacken,2071,6,Switch Unit 40,2071
1958,Verpacken,2078,6,Fernanzeige S nur für Automatic Char Duo,2078
1959,Verpacken,2305,6,Spiral-Anschlusskabel 230 V,2305
1960,Verpacken,2319,6,"Spiralkabel 5 m, hochflexibel mit Ladestecker",2319
1961,Verpacken,3131,6,Pb 1280 SMT 2B Automatic Charger,3131
1962,Verpacken,3208,6,Minus-Distributor 12,3208
1963,Verpacken,3303,6,VCC 2424-25 IUoU Lade-Wandler,3303
1964,Verpacken,3305,6,VCC 2412-45 IUoU-Li Lade-Wandler,3305
1965,Verpacken,5549,6,Tankelektrode 25-75 K nach DIN2001-2 für Trinkwasser geeignet,5549
1966,Verpacken,BP-009,6,"Beipack-Beutel 4x Spax 3x12 Senkkopf 6x Flachst.hülse 4,8x0,8 blau",
1967,Verpacken,BP-014,6,"Beipack-Beutel 1x Klemme 9pol, 1x Klemme 4pol",
1968,Verpacken,BP-016,6,"Beipack-Beutel 4x Spax 3x12 Senkkopf 12x Flachsteckh. 4,8x0,8mm bl",
1969,Verpacken,BP-040,6,Beipack-Beutel Elektro-Verteilung VZE-Schell 19 Federkraftstecker + Sicherungsadapter + Si. zieher,
1970,Verpacken,0043,5,EQ-S Equipment Adapter,0043
1971,Verpacken,024100465,5,VAC 2416 F 2A Automatic Charger DIN 14679:2024-02,0465
1972,Verpacken,0408,5,VAC 1225 M 3A Automatic Charger,0408
1973,Verpacken,044100247,5,LED Tank Display Sonder 5V Fischer,0247
1974,Verpacken,110746,5,RME-Schaltbox Zubringer-Pumpe,0746
1975,Verpacken,111105831,5,VZE Triton (Schell),5831
1976,Verpacken,1256,5,LCD-Voltmeter S,1256
1977,Verpacken,1263,5,LCD-Batterie-Computer 100 S mit Smart-Shunt 100A,1263
1978,Verpacken,1713,5,MPPT 170 CI Solar-Regler,1713
1979,Verpacken,1718,5,MPPT 260 CI Solar-Regler,1718
1980,Verpacken,2000,5,Einzelsensor für Tank-Sensor FL & 30-110 K-FL,2000
1981,Verpacken,2008,5,Modular-Kabel 6-pol. 5 mtr.,2008
1982,Verpacken,2024,5,Aufbaugehäuse Kunstst. silber für LCD-Geräteserie S,2024
1983,Verpacken,2243,5,Streifensicherung 30A (VPE 3 St.),2243
1984,Verpacken,2245,5,Streifensicherung 50A (VPE 3 St.),2245
1985,Verpacken,2254,5,Hochlast-Sicherung 125 A,2254
1986,Verpacken,2255,5,Hochlast-Sicherung 150 A,2255
1987,Verpacken,2262,5,Hochstromkabel 25 mm² 40 cm lang,2262
1988,Verpacken,2315,5,Automatik Kabelaufroller 5 m,2315
1989,Verpacken,3156,5,SMI 300 Sinus NVS MobilPOWER Inverter,3156
1990,Verpacken,3270,5,VBCS 30/20/400 Triple HV CI Battery Charger,3270
1991,Verpacken,3271,5,VBCS 45/30/600 Triple HV CI Battery Charger,3271
1992,Verpacken,3351,5,VCC 1212-45 IUoU-Li Lade-Wandler,3351
1993,Verpacken,3361,5,VCC 1212-50 CI Lade-Wandler,3361
1994,Verpacken,3362,5,VCC 1212-70 CI Lade-Wandler,3362
1995,Verpacken,5555,5,Tankelektrode 20 K-WC,5555
1996,Verpacken,5783,5,Smart Shunt 200 A inkl. Masseband 35 mm²,5783
1997,Verpacken,5805,5,Smart Shunt CI 200 A,5805
1998,Verpacken,5810,5,Zentralelektrik VZE-M,5810
1999,Verpacken,5830,5,VZE Sirius CI Display  - PROTOTYP! KEIN VERKAUF! -,5830
2000,Verpacken,5831,5,VZE Triton CI,5831
2001,Verpacken,5832,5,VZE Sirius IO  - PROTOTYP! KEIN VERKAUF! -,5832
2002,Verpacken,6232,5,Pb 2416 SMT 2B Automatic Charger,6232
2003,Verpacken,6250,5,Pb 2440 SMT 2B Automatic Charger,6250
2004,Verpacken,BP-037,5,"Beipack-Beutel 1x XLR-Buchse, 8x Blechschraube 2,9x13 1x Bef.flansch, 1x Kab.schelle",
2005,Verpacken,BP-043,5,Beipack-Beutel Sirius IO,
2006,Verpacken,0060,4,WLAN- Interface VBS 2,0060
2007,Verpacken,0427,4,VAC 1250 M 3A Automatic Charger,0427
2008,Verpacken,0452,4,VAC 2416 M 3A Automatic Charger,0452
2009,Verpacken,0485,4,VAC 2416 F 2A II Automatic Charger DIN 14679:2024-02,0485
2010,Verpacken,0523,4,VAC 1224-16 Station mit SK Automatic Charger,0523
2011,Verpacken,0533,4,VAC 1224-16 Station mit ÖK Automatic Charger,0533
2012,Verpacken,0632,4,VAC 1220/30 Duo NSF Automatic Charger,0632
2013,Verpacken,0633,4,VAC 1220/40 Duo NSF Automatic Charger,0633
2014,Verpacken,0666,4,VAC 60-15/30 Triple CI Battery Charger,0666
2015,Verpacken,087100485,4,VAC 2416 F 2A II ohne Netzanschlusskabel,0485
2016,Verpacken,092100242,4,LED Tank Display HE 010,0242
2017,Verpacken,109100054,4,Master Box VBS 2-400 (bimobil) mit 400A-Shunt,0054
2018,Verpacken,111100035,4,Master Panel VBS 2 (Schell),0035
2019,Verpacken,115105301,4,Comet FTA 5 Frischwassertankanzeige,5301
2020,Verpacken,1245,4,Duo-Akku-Tester S,1245
2021,Verpacken,1248,4,LCD-Charge Control S-VCC,1248
2022,Verpacken,125105543,4,Tankelektrode 12-24 K Kabe,5543
2023,Verpacken,1253,4,LCD-Thermometer/Uhr S,1253
2024,Verpacken,128100035,4,Master Panel VBS 2 (Dopfer) Anzeige- und Steuerpanel,0035
2025,Verpacken,1285,4,Sicherungs-Panel 4 S,1285
2026,Verpacken,131101250,4,LCD Solar-Computer S Typ Hymer,1250
2027,Verpacken,143100695,4,TS-Battery Charger PFPN 1204 Sonderausführung MAGIRUS DIN14679:2024-02,0695
2028,Verpacken,1440,4,Solar Data Extender 3n1,1440
2029,Verpacken,155101204,4,LCD SOC Monitor S BOS,1204
2030,Verpacken,1621,4,SR 350 Duo Dig. Solar-Regler,1621
2031,Verpacken,2005,4,Steuerleitung 5 m lang,2005
2032,Verpacken,2066,4,Gehäuseabdeckung SMI für FB Sinus-Inverter,2066
2033,Verpacken,2222,4,Schraubsicherung 50 A,2222
2034,Verpacken,2225,4,Schraubsicherung 80 A,2225
2035,Verpacken,2246,4,Streifensicherung 60A (VPE 3 St.),2246
2036,Verpacken,2247,4,Streifensicherung 80A (VPE 3 St.),2247
2037,Verpacken,2253,4,Hochlast-Sicherung 100 A,2253
2038,Verpacken,2331,4,Ladestecker,2331
2039,Verpacken,2333,4,Ladesteckdose mit Klappdeckel,2333
2040,Verpacken,3084,4,Battery Protector 300,3084
2041,Verpacken,3157,4,SMI 600 Sinus MobilPOWER Inverter,3157
2042,Verpacken,3218,4,Minus-Distributor 14,3218
2043,Verpacken,5747,4,VPC Jupiter 100,5747
2044,Verpacken,5800,4,LCD Energy Monitor CI Display,5800
2045,Verpacken,650455,4,SP1 Relais-Box,0455
2046,Verpacken,650459,4,SP1 Anschlusskabel an Relais-Box,0459
2047,Verpacken,696021,4,Duo-Akku-Tester S 24V,6021
2048,Verpacken,999203324,4,VCC 1212-30 unverpackt Lade-Wandler,3324
2049,Verpacken,BP-021,4,"Beipack-Beutel 2x Rohrkabelschuh 16qmm 2 Kombischr. M5x10, 2 Scheiben",
2050,Verpacken,017203098,3,MT BCB-40/40 IUOU Battery-Control-Booster,3098
2051,Verpacken,0413,3,VAC 1240 M 3A Automatic Charger,0413
2052,Verpacken,0465,3,VAC 2416 F 2A Automatic Charger DIN 14679:2024-02,0465
2053,Verpacken,0471,3,VAC 1215 F 3A II Automatic Charger,0471
2054,Verpacken,0496c,3,VAC 2425 Fc 2A FireCAN Automatic Charger,
2055,Verpacken,0538,3,VAC 1215 Station mit ÖK Automatic Charger,0538
2056,Verpacken,0627,3,VAC 1215/30 Duo Automatic Charger,0627
2057,Verpacken,067100659,3,VAC 1220/40 Duo Li (115V) (T) Automatic Charger,0659
2058,Verpacken,092200242,3,LED Tank Display HE 010,0242
2059,Verpacken,099103101,3,Pb 1220 SMT 2B Automatic Charger,3101
2060,Verpacken,111100047,3,RS232 Interface VBS 2 (Schell),0047
2061,Verpacken,125101722,3,MPP 360 CI Kabe Solar-Regler,1722
2062,Verpacken,1260,3,Anzeige LCD-Batterie-Computer mit Steuerleitung 5m,1260
2063,Verpacken,128100052,3,Master Box VBS 2-200 (Dopfer) mit 200A-Shunt,0052
2064,Verpacken,129103324,3,VCC 1212-30 NUTS Lade-Wandler,3324
2065,Verpacken,1297,3,USB-Lader-Panel S,1297
2066,Verpacken,131101204,3,LCD SOC Monitor S Typ Hymer,1204
2067,Verpacken,151100463,3,VAC 1215 F 2A Endress Automatic Charger DIN 14679:2024-02,0463
2068,Verpacken,158101003,3,Clesana Power-Management,1003
2069,Verpacken,161105543,3,Tankelektrode 12-24 K LAIKA 5  - PROTOTYP! KEIN VERKAUF! - nach DIN2001-2 für Trinkwasser geeignet,5543
2070,Verpacken,2016,3,Montagerahmen S für Anzeigeteil Inverter,2016
2071,Verpacken,2019,3,Frontplatten-Blende S 85x47 mm,2019
2072,Verpacken,2032,3,Modular-Kabel 8-pol. 2 mtr.,2032
2073,Verpacken,2037,3,Modular-Kabel 8-pol. 10 mtr.,2037
2074,Verpacken,2200,3,Trenn-Relais 12V/70A,2200
2075,Verpacken,2258,3,Hochlast-Sicherung 225 A,2258
2076,Verpacken,2268,3,Kabelsatz rot/schwarz 25mm² 1m,2268
2077,Verpacken,2269,3,Kabelsatz rot/schwarz 35mm² 1m,2269
2078,Verpacken,2303,3,Einbaukabel 230 V,2303
2079,Verpacken,2318,3,"Spiralkabel 5 m, hochflexibel",2318
2080,Verpacken,2325,3,Ladesteckdose nach DIN 14690,2325
2081,Verpacken,3318,3,VCC 2424-25 Li Lade-Wandler,3318
2082,Verpacken,3342,3,DCDC 2412-25 DC/DC-Wandler,3342
2083,Verpacken,3343,3,VCC 1224-25 IUoU Lade-Wandler,3343
2084,Verpacken,3360,3,VCC 1212-30 CI Lade-Wandler,3360
2085,Verpacken,5771,3,Titan VBS 2 Anzeige- und Steuerpanel,5771
2086,Verpacken,5804,3,Smart Shunt CI 100 A,5804
2087,Verpacken,6239,3,Pb 2425 SMT 3B Automatic Charger,6239
2088,Verpacken,670627T,3,VAC 1215/30 Duo (115V) (T) UK Aut.Charger mit Englandstecker,0627
2089,Verpacken,82101253,3,LCD-Thermometer/Uhr S,1253
2090,Verpacken,999102088,3,Temperatur-Sensor 625 f. Schraubbolzen M6 unverpackt,2088
2091,Verpacken,BP-003,3,"Beipack-Beutel 4x Spax 3x12 Senkkopf 8x Flachst.hülse 6,3x0,8 blau",
2092,Verpacken,BP-011,3,"Beipack-Beutel 2x Blechschr. 2,9x9,5 schwarz",
2093,Verpacken,BP-022,3,"Beipack-Beutel 2x Rohrkabelschuh 16qmm 2 Kombischr. M5x10, 2 Scheiben Streifensich. 40A, 50A, 60A",
2094,Verpacken,PA-VAF01d-109-00448,3,Baugruppe geprüft VAC 2416 M 3A,
2095,Verpacken,PA-VAF01d-114-00467,3,Baugruppe geprüft Pb 1220 SMT 2B (Audi),
2096,Verpacken,0076,2,Dimmer Module 4,0076
2097,Verpacken,0462,2,VAC 2430 M 3A/110VAC Automatic Charger,0462
2098,Verpacken,0470,2,VAC 1215 F 3A Automatic Charger,0470
2099,Verpacken,0477,2,VAC 1230 F 3A II Automatic Charger,0477
2100,Verpacken,0495,2,VAC 2416 F 3A II Automatic Charger,0495
2101,Verpacken,0528,2,VAC 1215 Station mit SK Automatic Charger,0528
2102,Verpacken,0634,2,VAC 1220/40 Duo Automatic Charger,0634
2103,Verpacken,0636,2,VAC 1215/40 Duo Automatic Charger,0636
2104,Verpacken,0642,2,VAC 1230/30 Duo Automatic Charger,0642
2105,Verpacken,067300659,2,VAC 1220/40 Duo Li (115V) (T) Automatic Charger,0659
2106,Verpacken,087100477,2,VAC 1230 F 3A II Automatic Charger,0477
2107,Verpacken,087100484,2,VAC 1230 F 2A II Automatic Charger DIN 14679:2024-02,0484
2108,Verpacken,109103343,2,VCC 1224-7 IUoU Lade-Wandler Bimobil,3343
2109,Verpacken,125205545,2,Tankelektrode 15-50 K Kabe,5545
2110,Verpacken,1293,2,Steckdosen-Panel S,1293
2111,Verpacken,131101715,2,MPP 250 Duo Dig. (HYMER) Solar-Regler,1715
2112,Verpacken,157100664,2,VAC 45-10/25 Triple CI FRANKIA Battery Charger,0664
2113,Verpacken,157103124,2,Pb 1240 SMT 3B FRANKIA Automatic Charger,3124
2114,Verpacken,157103329,2,VCC 1212-90 FRANKIA Lade-Wandler,3329
2115,Verpacken,161105545,2,Tankelektrode 15-50 K LAIKA 1  - PROTOTYP! KEIN VERKAUF! - nach DIN2001-2 für Trinkwasser geeignet,5545
2116,Verpacken,161205545,2,Tankelektrode 15-50 K LAIKA 2  - PROTOTYP! KEIN VERKAUF! - nach DIN2001-2 für Trinkwasser geeignet,5545
2117,Verpacken,161405545,2,Tankelektrode 15-50 K LAIKA 4  - PROTOTYP! KEIN VERKAUF! - nach DIN2001-2 für Trinkwasser geeignet,5545
2118,Verpacken,1626,2,SR 550 Duo Dig. Solar-Regler,1626
2119,Verpacken,2023,2,Abdeckung für Smart-Shunt,2023
2120,Verpacken,2035,2,Modular-Kabel 8-pol. 5 mtr.,2035
2121,Verpacken,2076,2,LED Remote Control S,2076
2122,Verpacken,2089,2,Temperatur-Sensor 1025 für Schraubbolzen M10,2089
2123,Verpacken,2244,2,Streifensicherung 40A (VPE 3 St.),2244
2124,Verpacken,2256,2,Hochlast-Sicherung 175 A,2256
2125,Verpacken,2263,2,Hochstromkabel 35 mm² 40 cm lang,2263
2126,Verpacken,2272,2,Kabelsatz rot/schwarz 25mm² 2m,2272
2127,Verpacken,2273,2,Kabelsatz rot/schwarz 35mm² 2m,2273
2128,Verpacken,2307,2,Schuko-Anschlusskabel 230 V,2307
2129,Verpacken,2317,2,"Spiral-Ladekabel 2m, 2-adrig max. 4A",2317
2130,Verpacken,3069,2,Crash-Sensor CS1,3069
2131,Verpacken,3215,2,Plus-Distributor 8,3215
2132,Verpacken,3304,2,VCC 2412-25 IUoU-Li Lade-Wandler,3304
2133,Verpacken,3320,2,VCC 2412-45 Li Lade-Wandler,3320
2134,Verpacken,3341,2,DCDC 1224-25 DC/DC-Wandler,3341
2135,Verpacken,3350,2,VCC 1212-25 IUoU-Li Lade-Wandler,3350
2136,Verpacken,3363,2,VCC 1212-90 CI Lade-Wandler,3363
2137,Verpacken,5740,2,Anzeige VPC Jupiter mit Steuerleitung 5m,5740
2138,Verpacken,5801,2,LCD Energy Monitor CI mit Smart-Shunt CI 100A mit Masseband 25 mm²,5801
2139,Verpacken,5802,2,LCD Energy Monitor CI mit Smart-Shunt CI 200A mit Masseband 35 mm²,5802
2140,Verpacken,5803,2,LCD Energy Monitor CI mit Smart-Shunt CI 400A mit Masseband 75 mm²,5803
2141,Verpacken,5813,2,Platzhalter War Smart Shunt CI 400 A  - PROTOTYP! KEIN VERKAUF! -,5813
2142,Verpacken,6065,2,StandBy Charger 24V,6065
2143,Verpacken,6073,2,Battery Protector 40/24 Motor,6073
2144,Verpacken,650461,2,SP1-FA Füllstandanzeige Abgesetzte Anzeige Tropfen,0461
2145,Verpacken,720368,2,3PhW-24/10 A 3-Phasen-Wechselrichter,0368
2146,Verpacken,999105549,2,Tankelektrode 25-75 K unverpackt nach DIN2001-2 für Trinkwasser geeignet,5549
2147,Verpacken,BP-023,2,"Beipack-Beutel 2 Kabelbinder 160x2,5mm 4 Kabelbinder 360x4,5mm 2 Spax 4,0x35, 2 Dübel 6mm",
2148,Verpacken,0089,1,ELV 14/1 Komp. für Kompressor-Kühlschränke,0089
2149,Verpacken,0091,1,ELV 24/5 Elektro-Verteilung,0091
2150,Verpacken,017105783,1,MT Smart-Shunt 200 A verpackt inkl. Masseband 35 mm,5783
2151,Verpacken,017202067,1,Fernbedienung MT-Inverter unverpackt ohne Zubehör,2067
2152,Verpacken,024100494,1,VAC 2416 F 3A Automatic Charger,0494
2153,Verpacken,0439,1,VAC 1280 M 2A Automatic Charger,0439
2154,Verpacken,046205708,1,Reimo Checkpanel 714 mit USB A/C,5708
2155,Verpacken,0476,1,VAC 1230 F 3A Automatic Charger,0476
2156,Verpacken,0544,1,VAC 2416 Station mit SK Automatic Charger,0544
2157,Verpacken,0548,1,VAC 2416 Station mit ÖK Automatic Charger,0548
2158,Verpacken,055303078,1,Battery Protector 100,3078
2159,Verpacken,065200454,1,SP1-FA Füllstandsanzeige,0454
2160,Verpacken,067100654,1,VAC 1215/30 Duo Li (115V) (T) Automatic Charger,0654
2161,Verpacken,106102152,1,RCBO 10-30 (HRZ) Fehlerstromschutzeinrichtung,2152
2162,Verpacken,106105771,1,Titan VBS 2 (H.R.Z.) Anzeige- und Steuerpanel,5771
2163,Verpacken,110205771,1,Titan VBS 2 (CS) Schwarz Anzeige- und Steuerpanel,5771
2164,Verpacken,110736,1,RMC Steuergerät,0736
2165,Verpacken,110913,1,Steuergerät TEO dig. komplett ohne Frontfolie & Alarmrelais,0913
2166,Verpacken,110915,1,Steuergerät TEO dig. Platine ohne Steck-Schraubklemmen,0915
2167,Verpacken,110923,1,Hybrid-Steuergerät TEO digital mit Alarm-Relais,0923
2168,Verpacken,110930,1,Einspeise-Automatik TEA,0930
2169,Verpacken,111205814,1,Zentralelektrik VZE-XL 6A (Schell),5814
2170,Verpacken,116103270,1,VBCS 30/20/400 Triple HV CI Battery Charger TISCHER,3270
2171,Verpacken,116103271,1,VBCS 45/30/600 Triple HV CI Battery Charger TISCHER,3271
2172,Verpacken,11611,1,SR 150 Duo Dig. Solar-Regler MARINE-Version,1611
2173,Verpacken,11712,1,MPP 170 CI Solar-Regler MARINE-Version,1712
2174,Verpacken,11717,1,MPP 260 CI Solar-Regler MARINE-Version,1717
2175,Verpacken,11730,1,MPP 440 CI Solar-Regler MARINE-Version,1730
2176,Verpacken,119760,1,RWS 5V Dig. Zisternen-Geber,9760
2177,Verpacken,125203272,1,VBCS 60/40/800 Triple HV CI Battery Charger KABE,3272
2178,Verpacken,128100054,1,Master Box VBS 2-400 (Dopfer) mit 400A-Shunt,0054
2179,Verpacken,1298,1,USB A/C-Lader-Panel S,1298
2180,Verpacken,131100085,1,"Bus Adapter SF/CI inkl. Modularkabel 6pol. 0,12 inkl. Y-Adapter",0085
2181,Verpacken,156303324,1,VCC 1212-30 CAR ELECTRIC 2 Lade-Wandler,3324
2182,Verpacken,161305545,1,Tankelektrode 15-50 K LAIKA 3  - PROTOTYP! KEIN VERKAUF! - nach DIN2001-2 für Trinkwasser geeignet,5545
2183,Verpacken,1710,1,MPP 165 Duo Dig. Solar-Regler Auslaufartikel,1710
2184,Verpacken,1715,1,MPP 250 Duo Dig. Solar-Regler Auslaufartikel,1715
2185,Verpacken,2009,1,Modular-Kabel 6-pol. 1 mtr.,2009
2186,Verpacken,2039,1,Modular-Kabel-Verbinder 8-pol.,2039
2187,Verpacken,2040,1,"Y-Adapter mit 0,12m Modularkabel 6pol.",2040
2188,Verpacken,2081,1,Betriebs-Fernanzeige IP67,2081
2189,Verpacken,2153,1,RCBO Kombi Fehlerstromschutzeinrichtung,2153
2190,Verpacken,2154,1,RCBO Typ 2P Fehlerstromschutzeinrichtung,2154
2191,Verpacken,2227,1,Schraubsicherung 125 A,2227
2192,Verpacken,2228,1,Schraubsicherung 150 A,2228
2193,Verpacken,2230,1,Schraubsicherung 200 A,2230
2194,Verpacken,3185,1,SMI 3000 Sinus ST-NVS MobilPOWER Inverter  - Muster! KEIN VERKAUF -,3185
2195,Verpacken,3338,1,DCDC 2412-45 DC/DC-Wandler,3338
2196,Verpacken,3352,1,VCC 1212-45 Li Lade-Wandler,3352
2197,Verpacken,5548,1,Tankelektrode 12-24 K 80 AMP nach DIN2001-2 für Trinkwasser geeignet,5548
2198,Verpacken,5744,1,VPC Merkur,5744
2199,Verpacken,5773,1,Smart Shunt 100 A inkl. Masseband 25 mm²,5773
2200,Verpacken,5811,1,Platzhalter War Smart Shunt CI 100 A  - PROTOTYP! KEIN VERKAUF! -,5811
2201,Verpacken,5835,1,"VZE Sirius, Sirius IO Smart Shunt CI 200A mit Masseband 35 mm²  - PROTOTYP - KEIN VERKAUF -",5835
2202,Verpacken,650456,1,SP1-FB-LT Leistungsteil Fernbedienung,0456
2203,Verpacken,650457,1,SP1-FB Fernbedienung,0457
2204,Verpacken,650462,1,SP1-FA Füllstandanzeige Steuerung für abgesetzte Anzei,0462
2205,Verpacken,720362,1,3PhW-24ALU 3-Phasen-Wechselrichter,0362
2206,Verpacken,9226,1,RWS Digital Plus Zisternen-Steuergerät,9226
2207,Verpacken,9760,1,RWS 5V Dig. Zisternen-Geber,9760
2208,Verpacken,999100085,1,"Bus Adapter SF/CI inkl. Modularkabel 6pol. 0,5 m",0085
2209,Verpacken,999103066,1,D+ Simulator (unverpackt),3066
2210,Verpacken,999200085,1,"Bus Adapter SF/CI inkl. Modularkabel 6pol. 0,5 m",0085
2211,Verpacken,BP-026,1,"Beipack-Beutel 4x Blechschr. 2,9x16",
2212,Verpacken,BP-029,1,"Beipack-Beutel 1x Feuchtigkeitsschutzkappe 4x Spax 4x35, 4x Dübel 6mm 2x Kappe 4,8, 1x Klemme 2-pol",
2213,Verpacken,BP-041,1,"Beipack-Beutel Elektro-Verteilung VZE-M 50 Crimpkontakte MCP4 mit Etikett ""MCP4""",
2214,Verpacken,BP-042,1,"Beipack-Beutel Elektro-Verteilung VZE-M 32 Crimpkontakte MCP5 mit Etikett ""MCP5""",
2215,Verpacken,BP-046,1,Beipack-Beutel Zentralelektrik VZE M 11 Steckerghäuse,
2216,Vorprüfung \ Abgleic,PA-VKI10k-108-00581,2,Baugruppe geprüft VCC 2424-25 Li,
2217,Vorprüfung \ Abgleic,PA-VKI10k-106-00575,1,Baugruppe geprüft DCDC 2412-45,
2218,elektr. Prüfung ICT,EI-VAG03d-102,52,Baugruppe elektrisch geprüft VCC 1212-50 Hauptplatine,
2219,elektr. Prüfung ICT,EI-VAG01e-101,43,Baugruppe elektrisch geprüft VCC 1212-30 / 1212-20 C,
2220,elektr. Prüfung ICT,EI-VKE07h-201-K0002,43,Baugruppe elektrisch geprüft SMI 1700 Sinus ST-NVS,
2221,elektr. Prüfung ICT,EI-VAF01d-101,37,Baugruppe elektrisch geprüft Pb 1215 / 1220,
2222,elektr. Prüfung ICT,EI-VAG06c-101-00500,37,Baugruppe elektrisch geprüft VAC 12V 24V DUO max. 60A PFC,
2223,elektr. Prüfung ICT,EI-VAF02b-102,36,Baugruppe elektrisch geprüft VCC 1212 70-90,
2224,elektr. Prüfung ICT,EI-VKC07m-103,29,Baugruppe elektrisch geprüft VAC Leistungsteil 12V 40A (Wietmarscher),
2225,elektr. Prüfung ICT,EI-VAF01d-201,27,Baugruppe elektrisch geprüft VAC 1224-16 Station,
2226,elektr. Prüfung ICT,EI-VAF01d-118,26,Baugruppe elektrisch geprüft VAC 1215 F 2A,
2227,elektr. Prüfung ICT,EI-VAD04g-103,24,Kombilader elektrisch geprüft VBCS 30-20-250,
2228,elektr. Prüfung ICT,EI-VKC08e-105,24,Baugruppe elektrisch geprüft VAC Duo Steuerteil (Wietmarscher),
2229,elektr. Prüfung ICT,EI-VAF01d-106,23,Baugruppe elektrisch geprüft VAC 1215 / 1220 M 3A,
2230,elektr. Prüfung ICT,EI-VAF01d-105,22,Baugruppe elektrisch geprüft Pb 1225 / 1230 SMT 2B,
2231,elektr. Prüfung ICT,EI-VKC07m-202,22,Baugruppe elektrisch geprüft VAC Leistungsteil 12V 20A (Wietmarscher),
2232,elektr. Prüfung ICT,EI-VKF05g-105,22,Baugruppe elektrisch geprüft VAC 1250 1260 M 3A,
2233,elektr. Prüfung ICT,EI-VAD04g-105,20,Kombilader elektrisch geprüft VAC 45-10-25,
2234,elektr. Prüfung ICT,EI-VKE07h-401-K0002,20,Baugruppe elektrisch geprüft SMI 1700 Frankia,
2235,elektr. Prüfung ICT,EI-VKE08c-101-00600,20,Baugruppe elektrisch geprüft Battery Protector 100,
2236,elektr. Prüfung ICT,EI-VKF05g-101,20,Baugruppe elektrisch geprüft Pb 1240 SMT 3B,
2237,elektr. Prüfung ICT,EI-VAD04g-101,19,Kombilader elektrisch geprüft VBCS 60-40-430,
2238,elektr. Prüfung ICT,EI-VAF01d-119,18,Baugruppe elektrisch geprüft VAC 1230 F 2A,
2239,elektr. Prüfung ICT,EI-VKC07m-101,18,Baugruppe elektrisch geprüft VAC Leistungsteil 12V 40A,
2240,elektr. Prüfung ICT,EI-VKC07m-201,17,Baugruppe elektrisch geprüft VAC Leistungsteil 12V 20A,
2241,elektr. Prüfung ICT,EI-VAA09b-110-00584,16,LCD-Platine elektrisch geprüft LCD Solarcomputer S,
2242,elektr. Prüfung ICT,EI-VKF05g-108,16,Baugruppe elektrisch geprüft VAC 2425 F 3A,
2243,elektr. Prüfung ICT,EI-VAF01dF-111,15,Baugruppe elektrisch geprüft VAC 1215 F 2A SKII,
2244,elektr. Prüfung ICT,EI-VAF08c-101-00586,15,Baugruppe elektrisch geprüft VPC Jupiter,
2245,elektr. Prüfung ICT,EI-VKH09e-201,15,Baugruppe elektrisch geprüft SMI 600 Sinus NVS 12V,
2246,elektr. Prüfung ICT,EI-VAD04g-102,14,Kombilader elektrisch geprüft VBCS 45-30-350,
2247,elektr. Prüfung ICT,EI-VAF01d-107,14,Baugruppe elektrisch geprüft VAC 1225 / 1230 M 3A,
2248,elektr. Prüfung ICT,EI-VAG06c-102-00510,14,Baugruppe elektrisch geprüft VAC 12V 24V 110V max. 80A PFC,
2249,elektr. Prüfung ICT,EI-VKI10k-104,14,Baugruppe elektrisch geprüft DCDC VCC 1212-45,
2250,elektr. Prüfung ICT,EI-VAC10c-101,13,Baugruppe elektrisch geprüft SR 150,
2251,elektr. Prüfung ICT,EI-VKF05g-102,13,Baugruppe elektrisch geprüft Pb 1250/1260,
2252,elektr. Prüfung ICT,EI-VAB01b-102,12,Baugruppe elektrisch geprüft VPC-ST02 Titan Tastenplatine,
2253,elektr. Prüfung ICT,EI-VAB01b-104-00434,12,Baugruppe elektrisch geprüft VPC-ST02 Titan Panel,
2254,elektr. Prüfung ICT,EI-VKF03g-202-K0005,12,Baugruppe elektrisch geprüft SMI 1200 Sinus,
2255,elektr. Prüfung ICT,EI-VAD04g-109,11,Kombilader elektrisch geprüft VBCS 60-40-800 HV CI,
2256,elektr. Prüfung ICT,EI-VAF01dF-112,11,Baugruppe elektrisch geprüft VAC 1230 F 2A SKII,
2257,elektr. Prüfung ICT,EI-VKC07m-106,11,Baugruppe elektrisch geprüft VAC Leistungsteil 24V 20A f. 40A Lader u. Feuerwehr,
2258,elektr. Prüfung ICT,EI-VKI10k-120,11,Baugruppe elektrisch geprüft VCC 1212-25 (VW),
2259,elektr. Prüfung ICT,EI-VAA09b-110-00269,10,LCD-Platine elektrisch geprüft LCD Charge Control S,
2260,elektr. Prüfung ICT,EI-VKF05h-101,10,Baugruppe elektrisch geprüft PB Lader 12V bis 40A,
2261,elektr. Prüfung ICT,EI-VAG01e-102,9,Baugruppe elektrisch geprüft DCDC 1212-20,
2262,elektr. Prüfung ICT,EI-VKC07m-104,9,Baugruppe elektrisch geprüft VAC Leistungsteil 12V 50A,
2263,elektr. Prüfung ICT,EI-VKC08e-106,9,Baugruppe elektrisch geprüft VAC Duo Steuerteil ohne Startüberbrückung,
2264,elektr. Prüfung ICT,EI-VKE07h-202-K0002,9,Baugruppe elektrisch geprüft SMI 1700 Sinus ST,
2265,elektr. Prüfung ICT,EI-VKF03g-201-K0005,9,Baugruppe elektrisch geprüft SMI 1200 Sinus NVS,
2266,elektr. Prüfung ICT,EI-VKF05h-102,9,Baugruppe elektrisch geprüft PB Lader 12V 50 bis 60A,
2267,elektr. Prüfung ICT,EI-VKI10k-106,9,Baugruppe elektrisch geprüft DCDC VCC 2412-45,
2268,elektr. Prüfung ICT,EI-VKI10k-108,9,Baugruppe elektrisch geprüft VCC 2424-25,
2269,elektr. Prüfung ICT,EI-VAD04g-110,8,Kombilader elektrisch geprüft VBCS 45-30-600 HV CI,
2270,elektr. Prüfung ICT,EI-VAF01dF-113,8,Baugruppe elektrisch geprüft VAC 2416 F 2A SKII,
2271,elektr. Prüfung ICT,EI-VKE08c-101-00251,8,Baugruppe elektrisch geprüft Battery Protector 100,
2272,elektr. Prüfung ICT,EI-VKE08c-103-00016,8,Baugruppe elektrisch geprüft Switch Unit 100,
2273,elektr. Prüfung ICT,EI-VAB01b-101,7,"Baugruppe elektrisch geprüft VPC-ST01 Terra, Luna, Mars Tastenplatine",
2274,elektr. Prüfung ICT,EI-VAB01b-103-00587,7,Baugruppe elektrisch geprüft VPC-ST01 Terra Displayplatine,
2275,elektr. Prüfung ICT,EI-VKF05g-107,7,Baugruppe elektrisch geprüft VAC 2425 M 3A,
2276,elektr. Prüfung ICT,EI-VKF05h-105,7,Baugruppe elektrisch geprüft VAC Lader 12V 50 bis 60A,
2277,elektr. Prüfung ICT,EI-VAF01c-101,6,Baugruppe elektrisch geprüft Pb 1215 / 1220,
2278,elektr. Prüfung ICT,EI-VAF02b-106,6,Baugruppe elektrisch geprüft VCC 1212 70-90 CI,
2279,elektr. Prüfung ICT,EI-VKC08e-109,6,Baugruppe elektrisch geprüft VAC Duo Li Steuerteil (Wietmarscher),
2280,elektr. Prüfung ICT,EI-VKF05g-106,6,Baugruppe elektrisch geprüft VAC 1250 F 3A,
2281,elektr. Prüfung ICT,EI-VKI10k-119,6,Baugruppe elektrisch geprüft DCDC VCC 1224-25,
2282,elektr. Prüfung ICT,EI-VAA09b-106,5,LCD-Platine elektrisch geprüft LCD Thermometer-Uhr S,
2283,elektr. Prüfung ICT,EI-VAA09b-108,5,LCD-Platine elektrisch geprüft LCD Voltmeter S,
2284,elektr. Prüfung ICT,EI-VAD04g-111,5,Kombilader elektrisch geprüft VBCS 30-20-400 HV CI,
2285,elektr. Prüfung ICT,EI-VAD44c-101,5,Baugruppe elektrisch geprüft VBCS CI Kommunikationsplatine,
2286,elektr. Prüfung ICT,EI-VAF01d-110,5,Baugruppe elektrisch geprüft VAC 2416 F 2A (Ziegler),
2287,elektr. Prüfung ICT,EI-VKC08e-102,5,Baugruppe elektrisch geprüft VAC Duo Steuerteil,
2288,elektr. Prüfung ICT,EI-VKH09e-101,5,Baugruppe elektrisch geprüft SMI 300 Sinus NVS 12V,
2289,elektr. Prüfung ICT,EI-VKH09e-202,5,Baugruppe elektrisch geprüft SMI 600 Sinus 12V,
2290,elektr. Prüfung ICT,EI-VAA09b-102-00472,4,LCD-Platine elektrisch geprüft LCD State of Charge S (Hymer),
2291,elektr. Prüfung ICT,EI-VAA09b-110-00483,4,LCD-Platine elektrisch geprüft LCD Charge Control VCC,
2292,elektr. Prüfung ICT,EI-VAC10c-105,4,Baugruppe elektrisch geprüft SR 350,
2293,elektr. Prüfung ICT,EI-VAD04g-104,4,Kombilader elektrisch geprüft VAC 60-15-30,
2294,elektr. Prüfung ICT,EI-VAF01c-106,4,Baugruppe elektrisch geprüft VAC 1215 / 1220 F/M 3A,
2295,elektr. Prüfung ICT,EI-VAF01cF-112,4,Baugruppe elektrisch geprüft VAC 1230 F 3A SKII,
2296,elektr. Prüfung ICT,EI-VAF01d-104,4,Baugruppe elektrisch geprüft Pb 2416 SMT 2B,
2297,elektr. Prüfung ICT,EI-VAG03d-103,4,Baugruppe elektrisch geprüft VCC 1212-50 CI Hauptplatine,
2298,elektr. Prüfung ICT,EI-VAG06c-103-00510,4,Baugruppe elektrisch geprüft VAC 12V 24V max. 80A PFC (Ziegler),
2299,elektr. Prüfung ICT,EI-VKC08e-103,4,Baugruppe elektrisch geprüft VAC 1280 2440 M/F 2A Steuerteil,
2300,elektr. Prüfung ICT,EI-VKC08e-104,4,Baugruppe elektrisch geprüft Pb 1280 2440 Steuerteil,
2301,elektr. Prüfung ICT,EI-VKI10k-105,4,Baugruppe elektrisch geprüft DCDC VCC 2412-25,
2302,elektr. Prüfung ICT,EI-VAF01c-105,3,Baugruppe elektrisch geprüft Pb 1225 / 1230 SMT 2B,
2303,elektr. Prüfung ICT,EI-VAF01c-201,3,Baugruppe elektrisch geprüft VAC 1224 2416 Station,
2304,elektr. Prüfung ICT,EI-VAF01cF-111,3,Baugruppe elektrisch geprüft VAC 1215 F 3A SKII,
2305,elektr. Prüfung ICT,EI-VAF01d-109,3,Baugruppe elektrisch geprüft VAC 2416 M 3A,
2306,elektr. Prüfung ICT,EI-VAF01d-114,3,Baugruppe elektrisch geprüft Pb 1220 SMT 2B (Audi),
2307,elektr. Prüfung ICT,EI-VAF01d-120,3,Baugruppe elektrisch geprüft VAC 2416 F 2A,
2308,elektr. Prüfung ICT,EI-VAG01e-103,3,Baugruppe elektrisch geprüft VCC 1212-30 CI,
2309,elektr. Prüfung ICT,EI-VKF05g-104,3,Baugruppe elektrisch geprüft VAC 1240 M 3A,
2310,elektr. Prüfung ICT,EI-VAD04g-106,2,Baugruppe elektrisch geprüft MT BCB 40-40 (MT),
2311,elektr. Prüfung ICT,EI-VAD44c-102,2,Baugruppe elektrisch geprüft MT BCB CI Kommunikationsplatine (Mobile Technology),
2312,elektr. Prüfung ICT,EI-VAF01c-107,2,Baugruppe elektrisch geprüft VAC 1230 F/M 3A,
2313,elektr. Prüfung ICT,EI-VAF01cF-113,2,Baugruppe elektrisch geprüft VAC 2416 F 3A SKII,
2314,elektr. Prüfung ICT,EI-VAG01d-101,2,Baugruppe elektrisch geprüft VCC 1212-30 / 1212-20 C,
2315,elektr. Prüfung ICT,EI-VAG01d-102,2,Baugruppe elektrisch geprüft DCDC 1212-20,
2316,elektr. Prüfung ICT,EI-VKC07m-102,2,Baugruppe elektrisch geprüft VAC Leistungsteil 12V 40A f. Feuerwehr,
2317,elektr. Prüfung ICT,EI-VKC07m-105,2,Baugruppe elektrisch geprüft VAC Leistungsteil 24V 20A,
2318,elektr. Prüfung ICT,EI-VKF05g-103,2,Baugruppe elektrisch geprüft Pb 2425,
2319,elektr. Prüfung ICT,EI-VKF05g-109,2,Baugruppe elektrisch geprüft VAC 2425 Fc 2A,
2320,elektr. Prüfung ICT,EI-VKF05h-107,2,Baugruppe elektrisch geprüft VAC Lader 24V bis 30A,
2321,elektr. Prüfung ICT,EI-VKI10k-103,2,Baugruppe elektrisch geprüft VCC 1212-25,
2322,elektr. Prüfung ICT,EI-VAC10c-107,1,Baugruppe elektrisch geprüft SR 550,
2323,elektr. Prüfung ICT,EI-VAF01c-104,1,Baugruppe elektrisch geprüft Pb 2416 SMT 2B,
2324,elektr. Prüfung ICT,EI-VAF01c-109,1,Baugruppe elektrisch geprüft VAC 2416 F/M 3A,
2325,elektr. Prüfung ICT,EI-VAF01c-110,1,Baugruppe elektrisch geprüft VAC 2416 F 3A,
2326,elektr. Prüfung ICT,EI-VAF01c-203,1,Baugruppe elektrisch geprüft VAC 1215 Station,
2327,elektr. Prüfung ICT,EI-VKC08e-101,1,Baugruppe elektrisch geprüft VAC 1260 2430 Steuerteil,
2328,elektr. Prüfung ICT,EI-VKE07h-101-K0001,1,Baugruppe elektrisch geprüft MT 1700 SI-N (MT),
2329,elektr. Prüfung ICT,EI-VKE08c-101-00680,1,Baugruppe elektrisch geprüft Battery Protector 100 (VW),
2330,elektr. Prüfung ICT,EI-VKF05h-103,1,Baugruppe elektrisch geprüft PB Lader 24V bis 30A,
2331,mech. bearbeiten,05-0037a,64,"Elko (Kondensator) THT 1000u 25V RM5 20% RM5 3,5mm Werkzeug W047 MZ-Elko-14",
2332,mech. bearbeiten,10-0153f,45,"Edelstahl-Stab Ø2,5mm, 485mm lang DIN 671 MZ-Edelstahlstab-1",
2333,mech. bearbeiten,10-0490f,42,"Edelstahl-Stab Ø3mm, 485mm lang",
2334,mech. bearbeiten,05-0062a,33,"Elko (Kondensator) THT 470u 25V RM5 RM5 3,5mm Werkzeug W047 MZ-Elko-12",
2335,mech. bearbeiten,10-0153k,29,"Edelstahl-Stab Ø2,5mm, 331mm lang DIN 671 MZ-Edelstahlstab-1",
2336,mech. bearbeiten,10-0490j,29,"Edelstahl-Stab Ø3mm, 331mm lang",
2337,mech. bearbeiten,10-0153b,28,"Edelstahl-Stab Ø2,5mm, 245mm lang DIN 671 MZ-Edelstahlstab-1",
2338,mech. bearbeiten,05-0083a,27,Folien Kondensator THT 1u 63V 5% RM5 RM5 4mm Werkzeug W047 MZ-Kondensator-5,
2339,mech. bearbeiten,05-0134a,26,"Elko (Kondensator) THT 820u 63V RM7,5 RM7,5 3,5mm MZ-Elko-8 Werkzeug W050",
2340,mech. bearbeiten,10-0490b,25,"Edelstahl-Stab Ø3mm, 245mm lang",
2341,mech. bearbeiten,17-0042b,21,"Sicherung Streifen 80A, gebogen nach MA-SichSa-2 Ladewandler Vot",
2342,mech. bearbeiten,09-0236a,19,"Schraubklemme anreihbar DG636-9.52-03P-14 grün 3pol 6mm² 600V THT RM9,52 o. Mittelkontakt. MA-Klemme-1",
2343,mech. bearbeiten,10-0267a,19,"Schrumpfschlauch 2:1 4,8→2,4mm 40mm lang schwarz",
2344,mech. bearbeiten,17-0041b,19,"Sicherung Streifen 60A, gebogen nach MA-SichSa-2 Ladewandler Vot",
2345,mech. bearbeiten,04-0187a,18,"Widerstand Hochwatt THT 10R 2,5W 5% RM16 5mm Werkzeug W048 MZ-Widerstand-1",
2346,mech. bearbeiten,05-0006a,16,Folien Kondensator THT 470n 63V 5% RM5 RM5 4mm Werkzeug W047 MZ-Kondensator-4,
2347,mech. bearbeiten,04-0186a,13,"Widerstand Hochwatt THT 1R5 2,5W 5% RM28 5mm Werkzeug W048 MZ-Widerstand-10",
2348,mech. bearbeiten,09-0127d,13,"Stiftleiste 088-1-050-0-F-XS0-1080 20pol 90° THT RM2,54 gekürzt auf 20 Stifte",
2349,mech. bearbeiten,11-0496,12,Gehäuseoberteil Wz 6701 gefräs Battery Protector / Sw Unit 40 unbedruckt MZ-WZ6701-2b,
2350,mech. bearbeiten,11-1041,12,Gehäuseoberteil Wz 6701 gefräs StandBy-Charger MZ-WZ6701-4,
2351,mech. bearbeiten,05-0078a,11,Elko (Kondensator) THT 1000u 35V RM5 20% RM5 4mm Werkzeug W050 MZ-Elko-15,
2352,mech. bearbeiten,05-0137a,11,"Elko (Kondensator) THT 150u 63V RM5 RM5 3,5mm MZ-Elko-8 Werkzeug W047",
2353,mech. bearbeiten,06-0015a,11,Relais  bistabil  Schraubans. 100A 1S AgSnO 2x6V 2x8R mit 2 Drähten angelötet,
2354,mech. bearbeiten,10-0176a,11,Platinen-Abstandshalter 8mm Nylon66 MZ-Abstandshalter-1 gekürzt,
2355,mech. bearbeiten,13-0060a,11,Piezo-Summer PKM13EPHY 4000-A0,
2356,mech. bearbeiten,02-0140a,10,Z-Diode THT 15V 2W DO41 RM10 4mm MZ-Diode-1,
2357,mech. bearbeiten,05-0054a,10,Folien Kondensator THT 220n 63V 5% RM5 RM5 4mm Werkzeug W047 MZ-Kondensator-3,
2358,mech. bearbeiten,09-0060c,10,"Stiftleiste 087-1-050-0-F-XS0-1260 20pol gerade THT RM2,54 gekürzt auf 20 Stifte",
2359,mech. bearbeiten,09-0060d,10,"Stiftleiste 087-1-050-0-F-XS0-1260 7pol gerade THT RM2,54 gekürzt auf 7 Stifte",
2360,mech. bearbeiten,09-0073d,10,"Buchsenleiste 1510HFL122020 Serie 151 7pol 1x7 liegend THT RM2,54 gekürzt auf 7 Stifte",
2361,mech. bearbeiten,10-0153d,10,"Edelstahl-Stab Ø2,5mm, 267mm lang DIN 671 MZ-Edelstahlstab-1",
2362,mech. bearbeiten,11-1386,10,Gehäuseoberteil Wz 6994 gefräs StandBy-Charger Pro MZ-WZ6994-5,
2363,mech. bearbeiten,04-0291a,9,Widerstand Hochwatt THT 1k8 3W 5% 5mm/26mm Werkzeug W049 MZ-Widerstand-7,
2364,mech. bearbeiten,05-0033a,9,"Elko (Kondensator) THT 100u 50V RM3,5 RM3,5 3,5mm Werkzeug W047 MZ-Elko-9",
2365,mech. bearbeiten,05-0061a,9,"Elko (Kondensator) THT 220u 35V RM3,5 RM3,5 3,5mm Werkzeug W047 MZ-Elko-10",
2366,mech. bearbeiten,09-0073e,9,"Buchsenleiste 1510HFL122020 Serie 151 9pol 1x9 liegend THT RM2,54 gekürzt auf 9 Stifte",
2367,mech. bearbeiten,11-1295,9,Aluprofil silber eloxiert 200mm lang gefräst MZ-GUPK1-4 Typ P00997a ALMg3 E6/EV1,
2368,mech. bearbeiten,01-0308a,8,Platine VAF01d Rev.BDCJ Kleinlader Typ 21 gefräßt für Schutzklasse 2 MZ-VAF01c-01,
2369,mech. bearbeiten,04-0071a,8,Widerstand THT 1k5 1/3W 1% RM10 4mm Werkzeug W048 MZ-Widerstand-9,
2370,mech. bearbeiten,05-0004a,8,Folien Kondensator THT 100n 63V 5% RM5 RM5 4mm Werkzeug W047 MZ-Kondensator-1,
2371,mech. bearbeiten,05-0028a,8,"Elko (Kondensator) THT 22u 35V RM2 oder RM2,5 RM2/RM2,5 3,5mm Werkzeug W047 MZ-Elko-8",
2372,mech. bearbeiten,05-0032a,8,"Elko (Kondensator) THT 100u 25V RM2,5 RM2,5 3,5mm Werkzeug W047 MZ-Elko-8",
2373,mech. bearbeiten,05-0060a,8,"Elko (Kondensator) THT 100u 16V RM2,5 RM2,5 3,5mm Werkzeug W047 MZ-Elko-7",
2374,mech. bearbeiten,05-0081a,8,"Elko (Kondensator) THT 1000u 50V RM7,5 RM7,5 4mm Werkzeug W050 MZ-Elko-16",
2375,mech. bearbeiten,11-0660,8,Gehäuse MG4 OT gefräst D+ Simulator MZ-MG4-3 unbedruckt,
2376,mech. bearbeiten,17-0041a,8,"Sicherung Streifen 60A, gebogen nach MA-SichSa-1 Triple",
2377,mech. bearbeiten,17-0060b,8,"Sicherung Streifen 100A, gebogen nach MA-SichSa-2 Ladewandler Vot",
2378,mech. bearbeiten,04-0002d,7,"Drahtbrücke 0,8mm RM43 Beinchenlänge 3mm Werkzeug W048 MZ-Drahtbrücke-7",
2379,mech. bearbeiten,10-0153g,7,"Edelstahl-Stab Ø2,5mm, 499mm lang DIN 671 MZ-Edelstahlstab-1",
2380,mech. bearbeiten,10-0250a,7,"Schrumpfschlauch 2:1 19,1→9,55mm 30mm lang schwarz",
2381,mech. bearbeiten,10-0490a,7,"Edelstahl-Stab Ø3mm, 238mm lang",
2382,mech. bearbeiten,10-0490d,7,"Edelstahl-Stab Ø3mm, 267mm lang",
2383,mech. bearbeiten,10-0490m,7,"Edelstahl-Stab Ø3mm, 750mm lang",
2384,mech. bearbeiten,11-0502,7,Gehäuseoberteil Wz 6843 gefräs FB-Schacht SMI 1200 1700 MZ-WZ6843-1,
2385,mech. bearbeiten,11-0736,7,Gehäuseoberteil Wz 6666 gefräs Plus Distributor 6 MZ-WZ6666-1 unbedruckt,
2386,mech. bearbeiten,11-1186,7,Gehäuse EM215 OT gefräst TS-Battery Charger PFPN 1204 MZ-EM215-3,
2387,mech. bearbeiten,11-1303,7,Gehäusedeckel VKG1 gefräst VAC-Lader SKII MZ-VKG1-6,
2388,mech. bearbeiten,11-1346,7,Frontplatte 47x85 gefräst Schalter-Panel 4 S 12/24 MZ-Blende47x85-16 Votronic,
2389,mech. bearbeiten,13-0063a,7,"PVC-Rundschnur, glasklar D= 6 mm, 6,1 mm lang (+0,1mm) geschnitten Werkzeug W070",
2390,mech. bearbeiten,17-0042a,7,"Sicherung Streifen 80A, gebogen nach MA-SichSa-1 Triple",
2391,mech. bearbeiten,04-0184a,6,"Widerstand Hochwatt THT 120R 2W 5% RM17,5 14mm Werkzeug W048 MZ-Widerstand-12",
2392,mech. bearbeiten,05-0034a,6,"Elko (Kondensator) THT 220u 50V RM5 RM5 3,5mm Werkzeug W047 MZ-Elko-11",
2393,mech. bearbeiten,09-0232a,6,"Durchführungsklemme anreihbar WGK 50 VP GY BX 1pol 50mm² 150A RM18,8 gekürzt gebohrt MZ-HDFK50-1",
2394,mech. bearbeiten,10-0501a,6,"Spritzguss SilikonFührungssteg gekürzt 3,5x6x27,5mm, 55 Shore, natur",
2395,mech. bearbeiten,11-0489,6,Frontplatte Spinflow gefräst SP1 unbedruckt MZ-SpinFlow-1a SP1,
2396,mech. bearbeiten,11-0710,6,Gehäuseunterteil VKG1 gefräst LED-Tank-Display MZ-VKG1-2,
2397,mech. bearbeiten,11-0737,6,Gehäuseoberteil Wz 6666 gefräs Minus Distributor 12 MZ-WZ6666-2 unbedruckt,
2398,mech. bearbeiten,11-0959,6,Aluprofil silber eloxiert 300mm lang gefräst MZ-GOUPG2-2 Typ P02840 ALMg3 E6/EV1,
2399,mech. bearbeiten,11-1184,6,Gehäuse EM215 UT gefräst TS-Battery Charger PFPN 1204 MZ-EM215-1,
2400,mech. bearbeiten,11-1230,6,Gehäuseoberteil Wz 6618 gefräs Equipment Adapter MZ-WZ6618-1b unbedruckt,
2401,mech. bearbeiten,11-1258,6,Gehäuseoberteil Wz 6618 gefräs Bluetooth Connector S-BC MZ-WZ6618-3,
2402,mech. bearbeiten,11-1271,6,Aluprofil silber eloxiert 300mm lang gefräst MZ-GUPK1-15 Typ P00997a ALMg3 E6/EV1,
2403,mech. bearbeiten,11-1402,6,Gehäuseoberteil Wz 6994 gefräs Clesana Power-Management LED MZ-WZ6994-7 Clesana,
2404,mech. bearbeiten,04-0306a,5,"Widerstand THT 0R0 6,4x2,3mm RM8 2mm/12mm Werkzeug W049 MZ-Widerstand-3",
2405,mech. bearbeiten,10-0153a,5,"Edelstahl-Stab Ø2,5mm, 238mm lang DIN 671 MZ-Edelstahlstab-1",
2406,mech. bearbeiten,10-0153m,5,"Edelstahl-Stab Ø2,5mm, 750mm lang DIN 671 MZ-Edelstahlstab-1",
2407,mech. bearbeiten,10-0490g,5,"Edelstahl-Stab Ø3mm, 499mm lang",
2408,mech. bearbeiten,11-0863,5,Gehäuseoberteil Wz 9084 gefräs VAC-F Lader klein MZ-UI30-5-6,
2409,mech. bearbeiten,11-0897,5,Frontplatte 47x85 gefräst Hauptschalter-Panel 20A S MZ-Blende47x85-11a Votronic,
2410,mech. bearbeiten,11-0905,5,Frontplatte 47x85 gefräst Schalter-Panel 16A S MZ-Blende47x85-9a Votronic,
2411,mech. bearbeiten,11-1124,5,"Hartpapier-Zuschnitt grau 174x180x2,0 gefräst MZ-VM-Abdeckplatte-2 MkHp 2061 ähnl. RAL 7035",
2412,mech. bearbeiten,11-1185,5,Gehäuse EM215 UT gefräst TS-Battery Charger PFPN 1204Fc MZ-EM215-2,
2413,mech. bearbeiten,11-1296,5,Frontplatte Spinflow gefräst SP1-FA-LT MZ-SpinFlow-2 Hartpapier schwarz,
2414,mech. bearbeiten,17-0056a,5,"Sicherung Streifen 40A, gebogen nach MA-SichSa-1 Triple",
2415,mech. bearbeiten,04-0185a,4,Widerstand Hochwatt THT 150R 2W 5% RM17 5mm Werkzeug W048 MZ-Widerstand-4,
2416,mech. bearbeiten,05-0097a,4,"Folien Kondensator THT 100n 250V 5% RM7,5 RM7,5 4mm Werkzeug W047 MZ-Kondensator-2",
2417,mech. bearbeiten,10-0214a,4,"Schrumpfschlauch 2:1 12,7→6,35mm 40mm lang schwarz",
2418,mech. bearbeiten,11-0577,4,Gehäuseoberteil Wz 9084 gefrä CONTROL Unit MZ-UI30-5-5 unbedruckt,
2419,mech. bearbeiten,11-0792,4,"Frontplatte Alu G silber elox. 216x73,8x1,5 gefräst MZ-FPUPG2-16a Pb 1280 2440 unbedruckt",
2420,mech. bearbeiten,11-0850b,4,A-Box-Deckel gebohrt SP1 Relais-Box (SpinFlow),
2421,mech. bearbeiten,11-0895,4,Frontplatte 47x85 gefräst Fernbedienung S MZ-Blende47x85-1b Votronic,
2422,mech. bearbeiten,11-0906,4,Frontplatte 47x85 gefräst Schalter-Panel 2x16A S MZ-Blende47x85-4a Votronic,
2423,mech. bearbeiten,11-1274,4,Kunststoffgehäuse KG200 gefräs ZBP-Strg. MZ-CO2-1 GEP,
2424,mech. bearbeiten,16-0236a,4,PP-Isolationsfolie 350x125 natur gelasert für SKII-Lader TL-Isolationsfolie-01,
2425,mech. bearbeiten,17-0043a,4,"Sicherung Streifen 30A, gebogen nach MA-SichSa-1 Triple",
2426,mech. bearbeiten,17-0060a,4,"Sicherung Streifen 100A, gebogen nach MA-SichSa-1 Triple",
2427,mech. bearbeiten,04-0002a,3,"Drahtbrücke 0,8mm RM10 Beinchenlänge 3mm Werkzeug W048 MZ-Drahtbrücke-4",
2428,mech. bearbeiten,04-0116a,3,"Widerstand THT 47k5 0,1% 0,25W TK25 RM10 4mm Werkzeug W048 MZ-Widerstand-9",
2429,mech. bearbeiten,05-0025a,3,"Elko (Kondensator) THT 4u7 63V RM1,5 3,5mm Werkzeug W047 MZ-Elko-8",
2430,mech. bearbeiten,05-0026a,3,"Elko (Kondensator) THT 10u 35V RM1,5 RM1,5 3,5mm Werkzeug W047 MZ-Elko-8",
2431,mech. bearbeiten,05-0085a,3,"Elko (Kondensator) THT 47u 25V RM2,5 RM2,5 3,5mm Werkzeug W047 MZ-Elko-6",
2432,mech. bearbeiten,05-0127a,3,"Elko (Kondensator) THT 1000u 16V RM5 3,5mm Werkzeug W047 MZ-Elko-13",
2433,mech. bearbeiten,09-0273a,3,"Stiftleiste MTSW-120-07-T-S-170 4pol 1x4 THT RM2,54 h4,3mm gekürzt auf 4 Stifte",
2434,mech. bearbeiten,10-0187a,3,"Isolierschlauch zugeschnitten Ø3,5mm 20mm PVC schwarz aus 10-0187",
2435,mech. bearbeiten,11-0487,3,Gehäuseoberteil Wz 9084 gefräs FB-Schacht MT-Inverter unbedruckt MZ-UI30-5-4,
2436,mech. bearbeiten,11-0758,3,"Frontplatte Alu G silber elox. 216x73,8x1,5 gefräst MZ-FPUPG2-15a VAC unbedruckt",
2437,mech. bearbeiten,11-0850a,3,Gehäuseunterteil gefräst RME Alarmbox MZ-A-Box-1 GEP,
2438,mech. bearbeiten,11-0939,3,Frontplatte 47x85 gefräst Fern. Automatic Charger Duo S MZ-Blende47x85-3b Votronic,
2439,mech. bearbeiten,11-0963,3,Frontplatte 80x85 LCD gefräst LCD-Montagerahmen MZ-FP-LCD-10,
2440,mech. bearbeiten,11-1123,3,"Hartpapier-Zuschnitt schwarz 180x180x3,0 gefräst MZ-VM-Bodenplatte-2 MkHp 2061",
2441,mech. bearbeiten,11-1190,3,Frontplatte VPC gefräst MZ-FP-VPC-1,
2442,mech. bearbeiten,11-1279,3,Gehäuseoberteil Wz 6925 gefräs Masterbox MB-V2 MZ-WZ6925-1c,
2443,mech. bearbeiten,11-1305,3,Gehäuseoberteil Wz 6618 gefräs Solar Data-Extender MZ-WZ6618-4,
2444,mech. bearbeiten,04-0101a,2,Widerstand THT 100k 1/3W 1% RM10 4mm Werkzeug W048 MZ-Widerstand-9,
2445,mech. bearbeiten,04-0115a,2,"Widerstand THT 4k02 0,1% 0,25W TK25 RM10 4mm Werkzeug W048 MZ-Widerstand-9",
2446,mech. bearbeiten,04-0187b,2,"Widerstand Hochwatt THT 10R 2,5W 5% RM16 10mm Werkzeug W048 MZ-Widerstand-2",
2447,mech. bearbeiten,04-0300a,2,Shunt THT 3W 3mR 5% RM15 18mm MZ-Widerstand-14 einseitig gekürzt,
2448,mech. bearbeiten,05-0014a,2,"Keramik Kondensator THT 1n RM2,5 RM2,5 3mm Werkzeug W047 MZ-Kondensator-7",
2449,mech. bearbeiten,05-0020a,2,"Keramik Kondensator THT 100n 63V RM2,54 RM2,54 3mm Werkzeug W047 MZ-Kondensator-8",
2450,mech. bearbeiten,05-0071a,2,"Elko (Kondensator) THT 10u 35V RM2,5 RM2,5 3,5mm Werkzeug W047 MZ-Elko-4",
2451,mech. bearbeiten,05-0149a,2,Folien Kondensator THT 4u7 50V 20% RM5 RM5 4mm Werkzeug W047 MZ-Kondensator-1,
2452,mech. bearbeiten,09-0060g,2,"Stiftleiste 087-1-050-0-F-XS0-1260 10pol gerade THT RM2,54 gekürzt auf 10 Stifte",
2453,mech. bearbeiten,09-0273b,2,"Stiftleiste MTSW-120-07-T-S-170 10pol 1x10 THT RM2,54 h4,3mm gekürzt auf 10 Stifte",
2454,mech. bearbeiten,09-0274a,2,"Buchsenleiste SLW-120-01-T-S 4pol 1x4 THT RM2,54 gekürzt auf 4pol",
2455,mech. bearbeiten,10-0153h,2,"Edelstahl-Stab Ø2,5mm, 545mm lang DIN 671 MZ-Edelstahlstab-1",
2456,mech. bearbeiten,10-0153q,2,"Edelstahl-Stab Ø2,5mm, 705mm lang DIN 671 MZ-Edelstahlstab-1",
2457,mech. bearbeiten,10-0490h,2,"Edelstahl-Stab Ø3mm, 545mm lang",
2458,mech. bearbeiten,10-0490q,2,"Edelstahl-Stab Ø3mm, 705mm lang",
2459,mech. bearbeiten,11-0388,2,"Frontplatte Alu G silber elox. 216x73,8x1,5 gefräst MZ-FPUPG2-3b VAC Duo unbedruckt",
2460,mech. bearbeiten,11-0520,2,"Rückwand Alu K silber eloxiert 136x66x1,5 gefräst MZ-RWUPK2-2a",
2461,mech. bearbeiten,11-0564,2,"Frontplatte Alu G silber elox. 216x73,8x1,5 gefräst MZ-FPUPG2-12b VAC Duo unbedruckt",
2462,mech. bearbeiten,11-0707,2,Gehäuseoberteil Wz 9084 gefräs FB-Schacht Lader/BCB MZ-UI30-5-1 Mobile Technology,
2463,mech. bearbeiten,11-0813,2,"Frontplatte Alu silber elox. 80x80x1,5 gefräst MZ-Ladesteckdose-1 ALMg3 E6/EV1",
2464,mech. bearbeiten,11-0814,2,PVC-Platte grau gefräst Ladesteckdose 12V\24V MZ-Ladesteckdose-2,
2465,mech. bearbeiten,11-1112,2,Gehäuseoberteil Wz 6994 gefräs VBS2 RS 232 Interface MZ-WZ6994-2a,
2466,mech. bearbeiten,11-1256,2,Gehäuseoberteil Wz 6751 gefräs Bus Adapter SF/CI MZ-WZ6751-1,
2467,mech. bearbeiten,11-1272,2,"Gehäuse EM215 UT gefräst TS-Battery Charger PG13,5 PG7 MZ-EM215-4 Magirus",
2468,mech. bearbeiten,11-1287,2,Gehäuseunterteil Alu gefräst 125x80x57mm MZ-GU-Wöhr-1 Wöhr,
2469,mech. bearbeiten,11-1421,2,"Gehäuseoberteil Wz 6623 gefräs VZE Logikmodul, schwarz MZ-WZ6623-1",
2470,mech. bearbeiten,13-0124a,2,GAP-PAD Zuschnitt 33 x 40mm,
2471,mech. bearbeiten,04-0002c,1,"Drahtbrücke 0,8mm RM30, Beinchenlänge 3mm Werkzeug W048 MZ-Drahtbrücke-6",
2472,mech. bearbeiten,04-0060a,1,Widerstand THT 150R 1/3W 1% RM10 4mm Werkzeug W048 MZ-Widerstand-9,
2473,mech. bearbeiten,04-0069a,1,Widerstand THT 1k 1/3W 1% RM10 4mm Werkzeug W048 MZ-Widerstand-9,
2474,mech. bearbeiten,04-0069b,1,Widerstand THT 1k 1/3W 1% RM10 13mm Werkzeug W048 MZ-Widerstand-11,
2475,mech. bearbeiten,04-0306b,1,"Widerstand THT 0R0 6,4x2,3mm RM10 3mm Werkzeug W048 MZ-Widerstand-8",
2476,mech. bearbeiten,04-0308a,1,"Widerstand Sicherung THT 0R1 1W 10% RM17,5 5mm Werkzeug W048 MZ-Widerstand-5",
2477,mech. bearbeiten,04-0392,1,Shunt 100A / 20mV 2x M8,
2478,mech. bearbeiten,04-0393,1,Shunt 200A / 20mV 2x M8,
2479,mech. bearbeiten,04-0394,1,Shunt 400A / 20mV 2x M8,
2480,mech. bearbeiten,04-0402a,1,"Widerstand THT 100R 0,5W 5% RM12,5 5mm Werkzeug 048 MZ-Widerstand-15",
2481,mech. bearbeiten,04-0402b,1,"Widerstand THT 100R 0,5W 5% RM14,5 5mm Werkzeug W048 MZ-Widerstand-16",
2482,mech. bearbeiten,04-0403a,1,"Widerstand THT 10k 1/4W 5% RM12,5 5mm Werkzeug W048 MZ-Widerstand-15",
2483,mech. bearbeiten,09-0033a,1,"Schraubklemme Lüsterklemme Typ 302/12 12pol 1,5mm² gekürzt auf 2 Pole",
2484,mech. bearbeiten,09-0060b,1,"Stiftleiste 087-1-050-0-F-XS0-1260 6pol gerade THT RM2,54 gekürzt auf 6 Stifte",
2485,mech. bearbeiten,09-0073c,1,"Buchsenleiste 1510HFL122020 Serie 151 5pol 1x5 liegend THT RM2,54 gekürzt auf 5 Stifte",
2486,mech. bearbeiten,10-0153j,1,"Edelstahl-Stab Ø2,5mm, 80mm lang mit Spitze DIN 671 MZ-Edelstahlstab-2",
2487,mech. bearbeiten,10-0153n,1,"Edelstahl-Stab Ø2,5mm, 174mm lang DIN 671 MZ-Edelstahlstab-1",
2488,mech. bearbeiten,10-0153o,1,"Edelstahl-Stab Ø2,5mm, 565mm lang DIN 671 MZ-Edelstahlstab-1",
2489,mech. bearbeiten,10-0153p,1,"Edelstahl-Stab Ø2,5mm, 358mm lang DIN 671 MZ-Edelstahlstab-1",
2490,mech. bearbeiten,10-0490n,1,"Edelstahl-Stab Ø3mm, 174mm lang",
2491,mech. bearbeiten,10-0490o,1,"Edelstahl-Stab Ø3mm, 565mm lang",
2492,mech. bearbeiten,10-0490p,1,"Edelstahl-Stab Ø3mm, 358mm lang",
2493,mech. bearbeiten,10-0514a,1,"Kunststoff-Wellrohr flexibel ID 14,4mm, AD 20mm schwarz 800mm MZ-Wellrohr-01",
2494,mech. bearbeiten,11-0419,1,"Kunststoffgehäuse KG200 gefräs RWS Steuergerät MZ-KG20-1, -5 und MZ-KG20-6 OT+UT+2 Seitenteile+4 Schraube",
2495,mech. bearbeiten,11-0584,1,"Aluprofil natur 75x12,7mm gefräst ALMg3 MZ-BS464-75-1",
2496,mech. bearbeiten,11-0678,1,Gehäuseoberteil Wz 6779 gefräs Minus Distributor 14 MZ-WZ6779-2 unbedruckt,
2497,mech. bearbeiten,11-0887,1,Frontplatte Spinflow gefräst SP1-FA-S MZ-SpinFlow-5,
2498,mech. bearbeiten,11-0899,1,Frontplatte 47x85 gefräst Sicherungs-Panel 4 S MZ-Blende47x85-8a Votronic,
2499,mech. bearbeiten,11-0937,1,Frontplatte Spinflow gefräst SP1-FB MZ-SpinFlow-4,
2500,mech. bearbeiten,11-0958,1,Aluprofil silber eloxiert 300mm lang gefräst MZ-GOUPG2-1 Typ P02840 ALMg3 E6/EV1,
2501,mech. bearbeiten,11-1099,1,"Hartpapier-Zuschnitt sw od. gr 286,2x160x3,0 gefräst MZ-VM-Bodenplatte-1a MkHp 2061",
2502,mech. bearbeiten,11-1191,1,Frontplatte 47x85 gefräst USB-Lader-Panel S MZ-Blende47x85-15 Votronic,
2503,mech. bearbeiten,11-1216,1,Gehäuseoberteil Wz 6994 gefräs WLAN-Interface VBS 2 MZ-WZ6994-04,
2504,mech. bearbeiten,11-1350,1,Gehäusedeckel VKG1 gefräst Crash-Sensor CS1 MZ-VKG1-7,
2505,mech. bearbeiten,11-1385,1,Frontplatte 47x85 gefräst USB A/C Lader-Panel S MZ-Blende47x85-17 Votronic,
2506,mech. bearbeiten,11-1395,1,Gehäuseoberteil Wz 6994 gefräs Clesana Power-Management MZ-WZ6994-6 Clesana,
2507,mech. bearbeiten,11-1397,1,"Frontplatte Alu K silber elox. 136x66x1,5 mit Ausbruch MZ-FPUPK2-27 VAC unbedruckt",
2508,mech. bearbeiten,11-1405,1,Gehäuseoberteil Wz 6994 gefräs Sirius IO Box MZ-WZ6994-10,
2509,mech. bearbeiten,11-1428,1,"Frontplatte Alu K silber elox. 136x66x1,5 mit Ausbruch MZ-FPUPK2-29 VAC-F +Meldeausgang unbedruckt",
2510,mech. bearbeiten,31-0007a,1,"Motorschutzschalter, gekürzte Beine   RMC (GEP)",
2511,mech. bearbeiten,31-0008a,1,"Gehäusedeckel gefräst, gesenkt RMC MZ-ESPA-1b GEP",
2512,mech. bearbeiten,31-0009a,1,Gehäuseunterteil gefräst RMC MZ-ESPA-3a GEP,
2513,uC THT programmieren,02-0145-00462,20,uC THT programmiert ATMega8L-8PU FW00462 SMI 1200 Sinus (NVS) ST 12V,
2514,uC THT programmieren,02-0145-00465,19,uC THT programmiert ATMega8L-8PU FW00465 SMI 1200 Sinus (NVS) ST 230V,
2515,uC THT programmieren,02-0156-00124,12,uC THT programmiert PIC 12F509A-04/P FW00124 SpinFlow SP1-FB-LT,
2516,uC THT programmieren,02-0156-00123,9,uC THT programmiert PIC 12F509A-04/P FW00123 SpinFlow SP1,
2517,uC THT programmieren,02-0063-00515,2,uC THT programmiert PIC 16F57C-04/P FW00515 TEO digital,
2518,uC THT programmieren,02-0063-00509,1,uC THT programmiert PIC 16F57C-04/P FW00509 TEO digital Hybrid,
2519,uC THT programmieren,02-0164-00442,1,uC THT programmiert Attiny2313-20U FW00442 RWS digital,
